id,year,"team_name","bat_name",age,games,plate_appe,at_bats,runs,hits,doubles,triples,homeruns,runs_batted_in,stolen_bases,caught_steal,walks,strikeouts,batting_avg,onbase_perc,slugging_perc,onbase_plus_slugging,total_bases,grounded_double_plays,hit_by_pitch,sacrifice_hits,sacrifice_flies,intentional_bb,"notes","created_at","updated_at","batter_id"
1,2016,"Hiroshima Carp","Tomohiro Abe",27,115,291,259,23,73,12,4,6,33,7,0,19,64,0.282,0.327,0.429,0.756,111,3,1,7,5,2,"","2017-09-25 12:56:28","2017-10-02 12:24:23","abe---000tom"
2,2016,"Hiroshima Carp","Tsubasa Aizawa",28,83,220,197,18,47,7,0,7,26,1,1,14,42,0.239,0.301,0.381,0.682,75,7,4,4,1,0,"","2017-09-25 12:56:28","2017-10-02 12:24:23","aizawa001tsu"
3,2016,"Hiroshima Carp","Masato Akamatsu",33,89,21,19,15,7,1,1,0,3,12,2,2,4,0.368,0.429,0.526,0.955,10,0,0,0,0,0,"","2017-09-25 12:56:28","2017-10-02 12:24:23","akamat001mas"
4,2016,"Hiroshima Carp","Soichiro Amaya",32,55,96,80,12,14,2,0,1,8,3,0,13,16,0.175,0.302,0.238,0.54,19,1,2,0,1,0,"","2017-09-25 12:56:28","2017-10-02 12:24:23","amaya-001soh"
5,2016,"Hiroshima Carp","Takahiro Arai",39,132,513,454,66,136,23,2,19,101,0,1,54,101,0.3,0.372,0.485,0.857,220,12,1,0,4,1,"","2017-09-25 12:56:28","2017-10-02 12:24:23","arai--001tak"
6,2016,"Hiroshima Carp","Shota Dobayashi",24,47,60,56,6,14,0,0,2,2,3,1,3,11,0.25,0.288,0.357,0.645,20,0,0,1,0,0,"","2017-09-25 12:56:28","2017-10-02 12:24:23","dobaya000sho"
7,2016,"Hiroshima Carp","Brad Eldred",35,95,354,316,42,93,14,0,21,53,1,0,31,86,0.294,0.362,0.538,0.9,170,8,4,0,3,0,"","2017-09-25 12:56:28","2017-10-02 12:24:23","eldred001bra"
8,2016,"Hiroshima Carp","Yuya Fukui",28,13,27,26,1,2,1,0,0,0,0,0,0,16,0.077,0.077,0.115,0.192,3,0,0,1,0,0,"","2017-09-25 12:56:28","2017-10-02 12:24:23","fukui-000yuy"
9,2016,"Hiroshima Carp","Ryota Funakoshi",22,1,1,1,1,1,0,0,0,0,0,0,0,0,1,1,1,2,1,0,0,0,0,0,"","2017-09-25 12:56:28","2017-10-02 12:24:23","funako000ryo"
10,2016,"Hiroshima Carp","Shohei Habu",26,5,9,8,0,1,0,0,0,0,0,0,1,1,0.125,0.222,0.125,0.347,1,0,0,0,0,0,"","2017-09-25 12:56:28","2017-10-02 12:24:23","habu--000sho"
11,2016,"Hiroshima Carp","Bradin Hagens",27,50,14,14,1,2,0,0,0,0,0,0,0,2,0.143,0.143,0.143,0.286,2,0,0,0,0,0,"","2017-09-25 12:56:28","2017-10-02 12:24:23","hagens001bra"
12,2016,"Hiroshima Carp","Jun Hirose",37,1,1,1,0,0,0,0,0,0,0,0,0,0,0,0,0,0,0,0,0,0,0,0,"","2017-09-25 12:56:28","2017-10-02 12:24:23","hirose001jun"
13,2016,"Hiroshima Carp","Atsuya Horie",19,3,2,2,0,0,0,0,0,0,0,0,0,1,0,0,0,0,0,0,0,0,0,0,"","2017-09-25 12:56:28","2017-10-02 12:24:23","horie-000ats"
14,2016,"Hiroshima Carp","Yoshiyuki Ishihara",36,106,289,243,19,49,7,0,0,17,4,1,29,54,0.202,0.296,0.23,0.526,56,8,4,12,1,5,"","2017-09-25 12:56:29","2017-10-02 12:24:23","ishiha001yos"
15,2016,"Hiroshima Carp","Yoshitaka Isomura",23,24,32,31,2,5,1,0,0,2,0,0,1,5,0.161,0.188,0.194,0.381,6,1,0,0,0,1,"","2017-09-25 12:56:29","2017-10-02 12:24:23","isomur000yos"
16,2016,"Hiroshima Carp","Takahiro Iwamoto",30,27,22,21,2,7,2,1,0,5,0,0,1,8,0.333,0.364,0.524,0.887,11,0,0,0,0,0,"","2017-09-25 12:56:29","2017-10-02 12:24:23","iwamot002tak"
17,2016,"Hiroshima Carp","Kris Johnson",31,26,66,55,1,6,1,0,0,0,0,0,1,20,0.109,0.125,0.127,0.252,7,0,0,10,0,0,"","2017-09-25 12:56:29","2017-10-02 12:24:23","johnso001kri"
18,2016,"Hiroshima Carp","Ryosuke Kikuchi",26,141,640,574,92,181,22,3,13,56,13,5,40,106,0.315,0.358,0.432,0.79,248,3,0,23,3,0,"","2017-09-25 12:56:29","2017-10-02 12:24:23","kikuch000ryo"
19,2016,"Hiroshima Carp","Tetsuya Kokubo",31,69,107,92,8,20,9,1,2,10,0,0,11,23,0.217,0.321,0.402,0.723,37,2,3,1,0,0,"","2017-09-25 12:56:29","2017-10-02 12:24:23","kokubo001tet"
20,2016,"Hiroshima Carp","Aren Kuri",24,27,21,18,0,1,0,0,0,0,0,0,0,11,0.056,0.056,0.056,0.111,1,0,0,3,0,0,"","2017-09-25 12:56:29","2017-10-02 12:24:23","kuri--000are"
21,2016,"Hiroshima Carp","Hiroki Kuroda",41,24,52,45,2,4,1,0,0,5,0,0,2,21,0.089,0.128,0.111,0.239,5,0,0,5,0,0,"","2017-09-25 12:56:29","2017-10-02 12:24:23","kuroda001hir"
22,2016,"Hiroshima Carp","Hector Luna",36,67,268,243,35,66,8,1,5,34,6,0,22,47,0.272,0.332,0.374,0.707,91,5,1,0,2,0,"","2017-09-25 12:56:29","2017-10-02 12:24:24","luna--001hec"
23,2016,"Hiroshima Carp","Yoshihiro Maru",27,143,652,557,98,162,30,8,20,90,23,9,84,107,0.291,0.389,0.481,0.87,268,9,7,1,3,1,"","2017-09-25 12:56:29","2017-10-02 12:24:24","maru--001yos"
24,2016,"Hiroshima Carp","Ryuhei Matsuyama",30,103,275,254,34,74,10,2,10,41,0,0,20,29,0.291,0.342,0.465,0.806,118,4,0,0,1,1,"","2017-09-25 12:56:29","2017-10-02 12:24:24","matsuy001ryu"
25,2016,"Hiroshima Carp","Kyohei Nakamura",27,8,10,10,0,1,0,0,0,0,0,0,0,6,0.1,0.1,0.1,0.2,1,0,0,0,0,0,"","2017-09-25 12:56:29","2017-10-02 12:24:24","nakamu000kyo"
26,2016,"Hiroshima Carp","Oscar Nakaoshi",25,23,1,1,0,0,0,0,0,0,0,0,0,1,0,0,0,0,0,0,0,0,0,0,"","2017-09-25 12:56:29","2017-10-02 12:24:24","nakaos000osc"
27,2016,"Hiroshima Carp","Ryoma Nishikawa",21,62,58,51,8,15,3,1,0,3,0,1,4,9,0.294,0.339,0.392,0.731,20,0,0,2,1,0,"","2017-09-25 12:56:29","2017-10-02 12:24:24","nishik000ryo"
28,2016,"Hiroshima Carp","Takayoshi Noma",23,21,25,24,4,7,0,0,0,1,1,1,0,3,0.292,0.292,0.292,0.583,7,1,0,1,0,0,"","2017-09-25 12:56:29","2017-10-02 12:24:24","noma--000tak"
29,2016,"Hiroshima Carp","Yusuke Nomura",27,25,54,43,1,7,0,0,0,3,0,0,2,15,0.163,0.2,0.163,0.363,7,1,0,9,0,0,"","2017-09-25 12:56:29","2017-10-02 12:24:24","nomura001yus"
30,2016,"Hiroshima Carp","Akitake Okada",22,18,29,27,2,2,0,0,0,0,0,0,0,13,0.074,0.074,0.074,0.148,2,0,0,2,0,0,"","2017-09-25 12:56:29","2017-10-02 12:24:24","okada-002aki"
31,2016,"Hiroshima Carp","Ko Shimozuru",28,48,116,104,11,26,6,0,5,18,0,0,12,26,0.25,0.328,0.452,0.78,47,7,0,0,0,0,"","2017-09-25 12:56:29","2017-10-02 12:24:24","shimoz000ko-"
32,2016,"Hiroshima Carp","Hayato Shoji",25,3,2,2,1,0,0,0,0,0,0,0,0,1,0,0,0,0,0,0,0,0,0,0,"","2017-09-25 12:56:29","2017-10-02 12:24:24","shoji-000hay"
33,2016,"Hiroshima Carp","Eishin Soyogi",35,7,12,9,1,0,0,0,0,0,0,0,3,0,0,0.25,0,0.25,0,2,0,0,0,0,"","2017-09-25 12:56:29","2017-10-02 12:24:24","soyogi001eis"
34,2016,"Hiroshima Carp","Seiya Suzuki",21,129,528,466,76,156,26,8,29,95,16,11,53,79,0.335,0.404,0.612,1.015,285,10,3,3,3,1,"","2017-09-25 12:56:29","2017-10-02 12:24:24","suzuki001sei"
35,2016,"Hiroshima Carp","Kosuke Tanaka",26,143,679,581,102,154,17,3,13,39,28,19,77,119,0.265,0.367,0.372,0.739,216,1,17,3,1,1,"","2017-09-25 12:56:29","2017-10-02 12:24:24","tanaka000kos"
36,2016,"Hiroshima Carp","Takaya Toda",23,17,15,15,0,4,0,0,0,2,0,0,0,7,0.267,0.267,0.267,0.533,4,0,0,0,0,0,"","2017-09-25 12:56:29","2017-10-02 12:24:24","toda--000tak"
37,2016,"Hiroshima Carp","Kazuki Yabuta",23,16,7,6,0,1,0,0,0,0,0,0,0,3,0.167,0.167,0.167,0.333,1,0,0,1,0,0,"","2017-09-25 12:56:29","2017-10-02 12:24:24","yabuta000kaz"
38,2016,"Hiroshima Carp","Hiroki Yokoyama",24,6,12,9,0,0,0,0,0,2,0,0,1,6,0,0.1,0,0.1,0,0,0,2,0,0,"","2017-09-25 12:56:29","2017-10-02 12:24:24","yokoya000hir"
39,2016,"Chunichi Dragons","Toshiki Abe",26,25,53,49,2,9,1,0,1,4,1,1,2,10,0.184,0.212,0.265,0.477,13,2,0,1,1,0,"","2017-09-25 13:02:04","2017-10-02 12:31:11","abe---001tos"
40,2016,"Chunichi Dragons","Ryuichiro Akada",28,1,1,1,0,0,0,0,0,0,0,0,0,0,0,0,0,0,0,0,0,0,0,0,"","2017-09-25 13:02:04","2017-10-02 12:31:11","akada-000ryu"
41,2016,"Chunichi Dragons","Kazuyuki Akasaka",26,7,10,10,0,0,0,0,0,0,0,0,0,2,0,0,0,0,0,0,0,0,0,0,"","2017-09-25 13:02:04","2017-10-02 12:31:11","akasak001kaz"
42,2016,"Chunichi Dragons","Masahiro Araki",38,93,321,289,25,71,8,1,1,16,13,0,15,39,0.246,0.29,0.291,0.581,84,9,3,14,0,0,"","2017-09-25 13:02:04","2017-10-02 12:31:11","araki-001mas"
43,2016,"Chunichi Dragons","Naomichi Donoue",27,131,507,456,38,116,25,3,6,46,1,1,27,69,0.254,0.298,0.362,0.66,165,14,2,20,2,0,"","2017-09-25 13:02:04","2017-10-02 12:31:11","donoue001nao"
44,2016,"Chunichi Dragons","Issei Endo",27,27,71,61,6,11,3,0,0,3,1,1,5,11,0.18,0.265,0.23,0.494,14,0,2,3,0,0,"","2017-09-25 13:02:04","2017-10-02 12:31:11","endo--000iss"
45,2016,"Chunichi Dragons","Atsushi Fujii",35,87,187,167,15,36,5,1,3,19,0,0,12,45,0.216,0.265,0.311,0.577,52,3,0,6,2,1,"","2017-09-25 13:02:04","2017-10-02 12:31:11","fujii-001ats"
46,2016,"Chunichi Dragons","Hiroto Fuku",24,27,4,4,1,1,0,0,0,1,0,0,0,3,0.25,0.25,0.25,0.5,1,0,0,0,0,0,"","2017-09-25 13:02:04","2017-10-02 12:31:11","fuku--000hir"
47,2016,"Chunichi Dragons","Nobumasa Fukuda",27,89,306,270,28,72,8,0,10,37,0,1,28,42,0.267,0.346,0.407,0.754,110,9,6,0,2,1,"","2017-09-25 13:02:04","2017-10-02 12:31:11","fukuda001nob"
48,2016,"Chunichi Dragons","Tatsuro Hamada",21,1,1,1,0,0,0,0,0,0,0,0,0,0,0,0,0,0,0,0,0,0,0,0,"","2017-09-25 13:02:04","2017-10-02 12:31:11","hamada000tat"
49,2016,"Chunichi Dragons","Anderson Hernandez",33,64,256,233,25,58,12,0,5,26,1,1,17,61,0.249,0.298,0.365,0.662,85,6,0,4,2,0,"","2017-09-25 13:02:04","2017-10-02 12:31:11","hernan001and"
50,2016,"Chunichi Dragons","Ryosuke Hirata",28,118,494,416,61,103,24,1,14,73,4,2,72,89,0.248,0.358,0.411,0.769,171,5,2,0,4,1,"","2017-09-25 13:02:04","2017-10-02 12:31:11","hirata001ryo"
51,2016,"Chunichi Dragons","Masataka Iryo",26,13,31,31,2,6,1,0,1,1,0,0,0,7,0.194,0.194,0.323,0.516,10,0,0,0,0,0,"","2017-09-25 13:02:04","2017-10-02 12:31:11","iryo--000mas"
52,2016,"Chunichi Dragons","Shun Ishikawa",26,2,6,5,0,0,0,0,0,0,0,0,0,2,0,0,0,0,0,0,0,1,0,0,"","2017-09-25 13:02:04","2017-10-02 12:31:11","ishika002shu"
53,2016,"Chunichi Dragons","Junki Ito",25,6,5,5,0,0,0,0,0,0,0,0,0,4,0,0,0,0,0,0,0,0,0,0,"","2017-09-25 13:02:04","2017-10-02 12:31:11","ito---001jun"
54,2016,"Chunichi Dragons","Kyohei Kamezawa",27,59,137,124,12,28,4,0,0,5,5,3,8,20,0.226,0.271,0.258,0.529,32,1,0,4,1,0,"","2017-09-25 13:02:04","2017-10-02 12:31:11","kameza000kyo"
55,2016,"Chunichi Dragons","Takuma Kato",24,1,1,1,0,0,0,0,0,0,0,0,0,0,0,0,0,0,0,0,0,0,0,0,"","2017-09-25 13:02:04","2017-10-02 12:31:11","kato--006tak"
56,2016,"Chunichi Dragons","Iori Katsura",24,59,164,143,7,26,5,0,3,11,0,0,11,38,0.182,0.248,0.28,0.528,40,3,2,7,1,2,"","2017-09-25 13:02:04","2017-10-02 12:31:11","katsur000ior"
57,2016,"Chunichi Dragons","Takuya Kinoshita",24,9,19,18,1,5,2,0,1,2,0,0,1,6,0.278,0.316,0.556,0.871,10,1,0,0,0,0,"","2017-09-25 13:02:04","2017-10-02 12:31:11","kinosh000tak"
58,2016,"Chunichi Dragons","Hiroki Kondo",23,21,49,43,5,8,2,0,2,4,0,0,3,13,0.186,0.255,0.372,0.627,16,0,1,2,0,0,"","2017-09-25 13:02:04","2017-10-02 12:31:11","kondo-002hir"
59,2016,"Chunichi Dragons","Takahito Kudo",35,74,72,63,12,19,2,1,0,3,5,2,4,14,0.302,0.371,0.365,0.737,23,0,3,2,0,0,"","2017-09-25 13:02:04","2017-10-02 12:31:11","kudoh-001tak"
60,2016,"Chunichi Dragons","Masato Matsui",28,4,7,7,1,1,0,0,0,0,0,0,0,4,0.143,0.143,0.143,0.286,1,0,0,0,0,0,"","2017-09-25 13:02:04","2017-10-02 12:31:11","matsui001mas"
61,2016,"Chunichi Dragons","Yusuke Matsui",28,14,21,21,1,4,2,0,0,0,0,0,0,8,0.19,0.19,0.286,0.476,6,0,0,0,0,0,"","2017-09-25 13:02:04","2017-10-02 12:31:11","matsui001yus"
62,2016,"Chunichi Dragons","Taiki Mitsumata",24,15,19,16,1,2,0,0,0,0,0,0,1,4,0.125,0.176,0.125,0.301,2,0,0,2,0,0,"","2017-09-25 13:02:04","2017-10-02 12:31:11","mitsum000tai"
63,2016,"Chunichi Dragons","Hayato Mizowaki",22,6,3,3,1,0,0,0,0,0,0,0,0,0,0,0,0,0,0,0,0,0,0,0,"","2017-09-25 13:02:04","2017-10-02 12:31:11","mizowa000hay"
64,2016,"Chunichi Dragons","Masahiko Morino",37,68,170,142,14,38,6,0,1,15,0,0,26,24,0.268,0.388,0.331,0.719,47,1,2,0,0,0,"","2017-09-25 13:02:04","2017-10-02 12:31:11","morino001mas"
65,2016,"Chunichi Dragons","Ricardo Nanita",35,92,340,319,32,91,16,0,8,35,0,1,15,52,0.285,0.318,0.411,0.728,131,9,2,0,4,0,"","2017-09-25 13:02:04","2017-10-02 12:31:11","nanita001ric"
66,2016,"Chunichi Dragons","Drew Naylor",30,7,15,12,2,3,2,0,0,0,0,0,1,3,0.25,0.308,0.417,0.724,5,0,0,2,0,0,"","2017-09-25 13:02:04","2017-10-02 12:31:11","naylor001dre"
67,2016,"Chunichi Dragons","Kei Nomoto",31,48,55,49,2,8,2,0,0,7,0,0,4,13,0.163,0.218,0.204,0.422,10,1,0,0,2,0,"","2017-09-25 13:02:04","2017-10-02 12:31:11","nomoto001kei"
68,2016,"Chunichi Dragons","Jordan Norberto",29,22,41,39,0,2,0,0,0,0,0,0,0,20,0.051,0.051,0.051,0.103,2,1,0,2,0,0,"","2017-09-25 13:02:04","2017-10-02 12:31:11","norber001jor"
69,2016,"Chunichi Dragons","Shinnosuke Ogasawara",18,15,17,17,0,3,0,0,0,0,0,0,0,8,0.176,0.176,0.176,0.353,3,0,0,0,0,0,"","2017-09-25 13:02:04","2017-10-02 12:31:12","ogasaw000shi"
70,2016,"Chunichi Dragons","Ryosuke Oguma",25,14,19,16,0,3,1,0,0,2,0,0,1,9,0.188,0.235,0.25,0.485,4,0,0,2,0,0,"","2017-09-25 13:02:04","2017-10-02 12:31:12","oguma-000ryo"
71,2016,"Chunichi Dragons","Yudai Ono",27,19,39,33,1,3,0,0,0,1,0,0,0,21,0.091,0.091,0.091,0.182,3,0,0,6,0,0,"","2017-09-25 13:02:04","2017-10-02 12:31:12","ono---000yud"
72,2016,"Chunichi Dragons","Yohei Oshima",30,143,656,599,80,175,27,9,3,27,26,12,46,69,0.292,0.348,0.382,0.73,229,3,6,4,1,1,"","2017-09-25 13:02:04","2017-10-02 12:31:12","oshima001yoh"
73,2016,"Chunichi Dragons","Yu Sato",23,14,5,5,0,0,0,0,0,0,0,0,0,5,0,0,0,0,0,0,0,0,0,0,"","2017-09-25 13:02:04","2017-10-02 12:31:12","sato--000yu-"
74,2016,"Chunichi Dragons","Leyson Septimo",30,3,2,2,0,0,0,0,0,0,0,0,0,0,0,0,0,0,0,0,0,0,0,0,"","2017-09-25 13:02:04","2017-10-02 12:31:12","septim001ley"
75,2016,"Chunichi Dragons","Daisuke Sobue",28,46,1,1,0,0,0,0,0,0,0,0,0,1,0,0,0,0,0,0,0,0,0,0,"","2017-09-25 13:02:04","2017-10-02 12:31:12","sobue-000dai"
76,2016,"Chunichi Dragons","Shota Sugiyama",25,104,311,269,26,70,11,3,3,27,1,2,30,60,0.26,0.34,0.357,0.697,96,8,3,8,1,1,"","2017-09-25 13:02:04","2017-10-02 12:31:12","sugiya000sho"
77,2016,"Chunichi Dragons","Shuhei Takahashi",22,75,283,255,28,64,14,2,4,29,0,1,22,84,0.251,0.319,0.369,0.688,94,7,4,1,1,0,"","2017-09-25 13:02:05","2017-10-02 12:31:12","takaha000shu"
78,2016,"Chunichi Dragons","Shingo Takeyama",32,15,5,4,1,0,0,0,0,0,0,0,1,2,0,0.2,0,0.2,0,0,0,0,0,0,"","2017-09-25 13:02:05","2017-10-02 12:31:12","takeya001shi"
79,2016,"Chunichi Dragons","Tetsuya Tani",30,52,91,82,2,17,2,0,0,6,1,0,8,16,0.207,0.278,0.232,0.509,19,4,0,1,0,0,"","2017-09-25 13:02:05","2017-10-02 12:31:12","tani--001tet"
80,2016,"Chunichi Dragons","Shota Tomonaga",25,12,10,9,2,2,0,0,0,0,0,0,0,4,0.222,0.222,0.222,0.444,2,0,0,1,0,0,"","2017-09-25 13:02:05","2017-10-02 12:31:12","tomona000sho"
81,2016,"Chunichi Dragons","Raul Valdes",38,20,39,33,2,4,1,0,1,3,0,0,2,14,0.121,0.171,0.242,0.414,8,0,0,4,0,0,"","2017-09-25 13:02:05","2017-10-02 12:31:12","valdes001rau"
82,2016,"Chunichi Dragons","Dayan Viciedo",27,119,471,416,63,114,22,0,22,68,1,0,44,68,0.274,0.352,0.486,0.838,202,13,8,0,3,0,"","2017-09-25 13:02:05","2017-10-02 12:31:12","vicied001day"
83,2016,"Chunichi Dragons","Shunta Wakamatsu",21,19,35,27,0,2,0,0,0,1,0,0,1,12,0.074,0.103,0.074,0.178,2,1,0,6,1,0,"","2017-09-25 13:02:05","2017-10-02 12:31:12","wakama000shu"
84,2016,"Chunichi Dragons","Tomoya Yagi",32,1,2,2,0,1,0,0,0,0,0,0,0,0,0.5,0.5,0.5,1,1,0,0,0,0,0,"","2017-09-25 13:02:05","2017-10-02 12:31:12","yagi--001tom"
85,2016,"Chunichi Dragons","Daisuke Yamai",38,33,12,11,0,0,0,0,0,0,0,0,1,7,0,0.083,0,0.083,0,0,0,0,0,0,"","2017-09-25 13:02:05","2017-10-02 12:31:12","yamai-001dai"
86,2016,"Chunichi Dragons","Kazuki Yoshimi",31,21,41,34,1,4,1,0,0,1,0,0,2,18,0.118,0.167,0.147,0.314,5,2,0,5,0,0,"","2017-09-25 13:02:05","2017-10-02 12:31:12","yoshim001kaz"
87,2016,"Yakult Swallows","Ryo Akiyoshi",27,70,1,1,0,0,0,0,0,0,0,0,0,1,0,0,0,0,0,0,0,0,0,0,"","2017-09-25 13:03:23","2017-10-02 12:37:19","akiyos000ryo"
88,2016,"Yakult Swallows","Nagisa Arakaki",36,6,7,7,0,0,0,0,0,0,0,0,0,6,0,0,0,0,0,0,0,0,0,0,"","2017-09-25 13:03:23","2017-10-02 12:37:19","arakak001nag"
89,2016,"Yakult Swallows","Takahiro Araki",28,61,131,111,14,27,5,1,1,9,2,1,9,20,0.243,0.311,0.333,0.645,37,5,2,9,0,0,"","2017-09-25 13:03:23","2017-10-02 12:37:19","araki-001tak"
90,2016,"Yakult Swallows","Wladimir Balentien",31,132,537,457,64,123,20,0,31,96,0,1,72,116,0.269,0.369,0.516,0.885,236,19,3,0,5,2,"","2017-09-25 13:03:23","2017-10-02 12:37:19","balent001wla"
91,2016,"Yakult Swallows","Kyle Davies",32,15,24,20,0,2,0,0,0,0,0,0,1,12,0.1,0.143,0.1,0.243,2,0,0,3,0,0,"","2017-09-25 13:03:23","2017-10-02 12:37:19","davies001hir"
92,2016,"Yakult Swallows","Ryota Fujii",27,12,20,20,2,4,1,0,0,0,0,0,0,8,0.2,0.2,0.25,0.45,5,0,0,0,0,0,"","2017-09-25 13:03:23","2017-10-02 12:37:19","fujii-000ryo"
93,2016,"Yakult Swallows","Masato Furuno",29,6,1,0,0,0,0,0,0,0,0,0,1,0,NULL,1,NULL,NULL,0,0,0,0,0,0,"","2017-09-25 13:03:23","2017-10-02 12:37:19","furuno000mas"
94,2016,"Yakult Swallows","Jae-Hoon Ha",25,17,42,40,3,9,2,0,0,2,0,1,2,12,0.225,0.262,0.275,0.537,11,0,0,0,0,0,"","2017-09-25 13:03:23","2017-10-02 12:37:19","ha----001jae"
95,2016,"Yakult Swallows","Juri Hara",22,13,20,19,1,2,1,0,0,2,0,0,0,4,0.105,0.105,0.158,0.263,3,0,0,1,0,0,"","2017-09-25 13:03:23","2017-10-02 12:37:19","hara--000jur"
96,2016,"Yakult Swallows","Kazuhiro Hatakeyama",33,45,190,163,15,40,10,0,1,18,0,1,26,24,0.245,0.353,0.325,0.678,53,6,1,0,0,0,"","2017-09-25 13:03:23","2017-10-02 12:37:19","hatake001kaz"
97,2016,"Yakult Swallows","Taishi Hirooka",19,2,7,7,2,3,0,0,1,3,0,0,0,2,0.429,0.429,0.857,1.286,6,0,0,0,0,0,"","2017-09-25 13:03:23","2017-10-02 12:37:19","hirook000tai"
98,2016,"Yakult Swallows","Wataru Hiyane",29,76,142,126,17,29,4,2,0,5,8,1,8,15,0.23,0.276,0.294,0.57,37,0,0,8,0,0,"","2017-09-25 13:03:23","2017-10-02 12:37:19","hiyane000wat"
99,2016,"Yakult Swallows","Yasushi Iihara",33,63,77,67,11,15,3,0,3,9,0,0,8,19,0.224,0.316,0.403,0.719,27,2,1,1,0,0,"","2017-09-25 13:03:23","2017-10-02 12:37:19","iihara001yas"
100,2016,"Yakult Swallows","Takahiro Imanami",31,94,240,201,22,56,9,3,1,28,0,1,30,25,0.279,0.371,0.368,0.739,74,3,2,3,4,0,"","2017-09-25 13:03:23","2017-10-02 12:37:19","imanam001tak"
101,2016,"Yakult Swallows","Suguru Ino",32,2,1,1,0,0,0,0,0,0,0,0,0,0,0,0,0,0,0,1,0,0,0,0,"","2017-09-25 13:03:23","2017-10-02 12:37:19","ino---001sug"
102,2016,"Yakult Swallows","Masanori Ishikawa",36,20,39,34,0,1,0,0,0,0,0,0,1,12,0.029,0.057,0.029,0.087,1,1,0,4,0,0,"","2017-09-25 13:03:23","2017-10-02 12:37:19","ishika001mas"
103,2016,"Yakult Swallows","Shingo Kawabata",28,103,458,420,48,127,22,1,1,32,3,0,34,31,0.302,0.354,0.367,0.721,154,13,1,1,2,0,"","2017-09-25 13:03:23","2017-10-02 12:37:19","kawaba001shi"
104,2016,"Yakult Swallows","Ren Kazahari",23,6,1,1,0,0,0,0,0,0,0,0,0,0,0,0,0,0,0,0,0,0,0,0,"","2017-09-25 13:03:23","2017-10-02 12:37:19","kazaha000ren"
105,2016,"Yakult Swallows","Jun Matsui",28,2,5,3,0,1,0,0,0,0,0,0,1,0,0.333,0.6,0.333,0.933,1,0,1,0,0,0,"","2017-09-25 13:03:23","2017-10-02 12:37:19","matsui000jun"
106,2016,"Yakult Swallows","Kenichi Matsuoka",34,53,2,1,0,0,0,0,0,0,0,0,1,1,0,0.5,0,0.5,0,0,0,0,0,0,"","2017-09-25 13:03:23","2017-10-02 12:37:19","matsuo001ken"
107,2016,"Yakult Swallows","Masayoshi Miwa",32,51,41,33,9,8,0,1,0,2,1,0,3,10,0.242,0.306,0.303,0.609,10,1,0,5,0,0,"","2017-09-25 13:03:23","2017-10-02 12:37:19","miwa--001mas"
108,2016,"Yakult Swallows","Ryosuke Morioka",31,26,33,31,1,2,1,0,0,3,0,0,1,8,0.065,0.091,0.097,0.188,3,2,0,0,1,0,"","2017-09-25 13:03:23","2017-10-02 12:37:19","moriok001ryu"
109,2016,"Yakult Swallows","Kyohei Muranaka",28,52,5,5,0,0,0,0,0,0,0,0,0,3,0,0,0,0,0,0,0,0,0,0,"","2017-09-25 13:03:23","2017-10-02 12:37:19","murana001kyo"
110,2016,"Yakult Swallows","Yuhei Nakamura",26,106,378,321,24,60,14,0,3,37,2,0,31,47,0.187,0.266,0.259,0.525,83,9,6,14,6,4,"","2017-09-25 13:03:23","2017-10-02 12:37:19","nakamu001yuh"
111,2016,"Yakult Swallows","Yoshihisa Naruse",30,22,18,17,2,1,0,0,0,1,0,0,1,12,0.059,0.111,0.059,0.17,1,0,0,0,0,0,"","2017-09-25 13:03:23","2017-10-02 12:37:19","naruse001yos"
112,2016,"Yakult Swallows","Akihisa Nishida",24,74,245,222,29,54,16,1,7,25,0,0,18,39,0.243,0.303,0.419,0.722,93,5,1,4,0,2,"","2017-09-25 13:03:23","2017-10-02 12:37:19","nishid000aki"
113,2016,"Yakult Swallows","Naomichi Nishiura",25,72,273,247,21,63,12,0,7,28,9,3,23,54,0.255,0.317,0.389,0.706,96,3,0,2,1,0,"","2017-09-25 13:03:23","2017-10-02 12:37:19","nishiu000nao"
114,2016,"Yakult Swallows","Keiji Obiki",32,100,391,348,48,87,16,1,5,27,7,5,40,82,0.25,0.326,0.345,0.671,120,5,0,2,1,0,"","2017-09-25 13:03:23","2017-10-02 12:37:19","ohbiki001kei"
115,2016,"Yakult Swallows","Yasuhiro Ogawa",26,25,54,50,4,4,1,0,1,3,0,0,0,26,0.08,0.08,0.16,0.24,8,0,0,4,0,0,"","2017-09-25 13:03:23","2017-10-02 12:37:19","ogawa-001yas"
116,2016,"Yakult Swallows","Nobuyuki Okumura",21,4,8,6,0,0,0,0,0,0,0,0,2,2,0,0.25,0,0.25,0,1,0,0,0,0,"","2017-09-25 13:03:23","2017-10-02 12:37:19","okumur000nob"
117,2016,"Yakult Swallows","Luis Perez",31,19,2,1,0,0,0,0,0,0,0,0,1,1,0,0.5,0,0.5,0,0,0,0,0,0,"","2017-09-25 13:03:23","2017-10-02 12:37:19","perez-007lui"
118,2016,"Yakult Swallows","Tomotaka Sakaguchi",31,141,607,526,74,155,14,5,0,39,7,4,63,66,0.295,0.375,0.34,0.716,179,5,8,5,5,0,"","2017-09-25 13:03:23","2017-10-02 12:37:19","sakagu001tom"
119,2016,"Yakult Swallows","Yoshinori Sato",26,5,9,8,0,1,0,0,0,0,0,0,0,3,0.125,0.125,0.125,0.25,1,1,0,1,0,0,"","2017-09-25 13:03:23","2017-10-02 12:37:19","sato--002yos"
120,2016,"Yakult Swallows","Toshihiro Sugiura",24,17,16,11,1,1,0,0,0,0,0,0,0,7,0.091,0.091,0.091,0.182,1,1,0,5,0,0,"","2017-09-25 13:03:23","2017-10-02 12:37:19","sugiur000tos"
121,2016,"Yakult Swallows","Yuhei Takai",32,108,436,412,44,122,20,0,7,55,7,1,21,51,0.296,0.329,0.396,0.724,163,9,0,1,2,2,"","2017-09-25 13:03:23","2017-10-02 12:37:19","takai-001yuh"
122,2016,"Yakult Swallows","Shinichi Takeuchi",32,25,24,20,3,5,0,0,0,2,0,0,4,5,0.25,0.375,0.25,0.625,5,1,0,0,0,0,"","2017-09-25 13:03:23","2017-10-02 12:37:19","takeuc001shi"
123,2016,"Yakult Swallows","Hiroyasu Tanaka",34,31,37,32,2,6,2,0,0,1,0,0,4,3,0.188,0.297,0.25,0.547,8,0,1,0,0,0,"","2017-09-25 13:03:23","2017-10-02 12:37:19","tanaka001hir"
124,2016,"Yakult Swallows","Shohei Tateyama",35,10,14,11,0,0,0,0,0,0,0,0,0,6,0,0,0,0,0,0,0,3,0,0,"","2017-09-25 13:03:23","2017-10-02 12:37:19","tateya001sho"
125,2016,"Yakult Swallows","Tsuyoshi Ueda",27,72,92,82,12,18,2,1,1,10,5,3,4,13,0.22,0.275,0.305,0.58,25,1,3,1,2,0,"","2017-09-25 13:03:23","2017-10-02 12:37:19","ueda--001tsu"
126,2016,"Yakult Swallows","Atsushi Ugumori",29,46,146,136,7,35,4,1,4,19,0,0,9,22,0.257,0.303,0.39,0.693,53,4,0,1,0,0,"","2017-09-25 13:03:23","2017-10-02 12:37:19","ugumor001ats"
127,2016,"Yakult Swallows","Ryota Yachi",25,23,80,70,10,21,5,0,1,6,0,0,7,14,0.3,0.372,0.414,0.786,29,2,1,2,0,0,"","2017-09-25 13:03:24","2017-10-02 12:37:19","yachi-000ryo"
128,2016,"Yakult Swallows","Tetsuto Yamada",23,133,590,481,102,146,26,3,38,102,30,2,97,101,0.304,0.425,0.607,1.032,292,16,8,0,4,0,"","2017-09-25 13:03:24","2017-10-02 12:37:20","yamada000tet"
129,2016,"Yakult Swallows","Hirofumi Yamanaka",30,22,46,41,1,3,0,0,0,1,0,0,0,16,0.073,0.073,0.073,0.146,3,1,0,5,0,0,"","2017-09-25 13:03:24","2017-10-02 12:37:20","yamana000hir"
130,2016,"Yakult Swallows","Kotaro Yamasaki",22,7,19,18,1,3,0,0,0,0,1,0,1,8,0.167,0.211,0.167,0.377,3,0,0,0,0,0,"","2017-09-25 13:03:24","2017-10-02 12:37:20","yamasa000kot"
131,2016,"Yokohama Bay Stars","Sho Aranami",30,36,96,87,8,17,2,1,0,7,0,1,7,17,0.195,0.263,0.241,0.505,21,1,1,1,0,0,"","2017-09-25 13:04:44","2017-10-04 07:46:28","aranam000sho"
132,2016,"Yokohama Bay Stars","Taketoshi Goto",36,27,30,23,2,6,1,0,1,6,0,0,7,9,0.261,0.433,0.435,0.868,10,1,0,0,0,0,"","2017-09-25 13:04:44","2017-10-04 07:46:28","gotoh-001tak"
133,2016,"Yokohama Bay Stars","Elian Herrera",31,79,274,257,30,56,12,2,5,33,2,1,13,57,0.218,0.258,0.339,0.597,87,3,1,3,0,0,"","2017-09-25 13:04:44","2017-10-04 07:46:28","herrer001eli"
134,2016,"Yokohama Bay Stars","Shotaro Ide",32,11,29,27,4,7,0,0,1,4,0,0,1,5,0.259,0.276,0.37,0.646,10,0,0,0,1,0,"","2017-09-25 13:04:44","2017-10-04 07:46:28","ide---001sho"
135,2016,"Yokohama Bay Stars","Shota Imanaga",22,22,43,36,0,5,0,0,0,1,0,0,2,13,0.139,0.184,0.139,0.323,5,0,0,5,0,0,"","2017-09-25 13:04:44","2017-10-04 07:46:28","imanag000sho"
136,2016,"Yokohama Bay Stars","Shoichi Ino",30,23,48,40,1,6,1,0,0,0,0,0,1,14,0.15,0.171,0.175,0.346,7,1,0,7,0,0,"","2017-09-25 13:04:44","2017-10-04 07:46:28","ino---000sho"
137,2016,"Yokohama Bay Stars","Kenta Ishida",23,25,50,44,3,8,0,0,0,3,0,0,0,24,0.182,0.182,0.182,0.364,8,0,0,6,0,0,"","2017-09-25 13:04:44","2017-10-04 07:46:28","ishida000ken"
138,2016,"Yokohama Bay Stars","Takehiro Ishikawa",29,95,329,297,35,62,8,2,2,14,6,4,18,67,0.209,0.258,0.269,0.527,80,3,2,11,1,0,"","2017-09-25 13:04:44","2017-10-04 07:46:28","ishika001tak"
139,2016,"Yokohama Bay Stars","Takayuki Kajitani",27,107,450,396,69,108,20,4,18,56,26,7,49,110,0.273,0.359,0.48,0.838,190,2,4,1,0,0,"","2017-09-25 13:04:44","2017-10-04 07:46:28","kajita001tak"
140,2016,"Yokohama Bay Stars","Yota Kosugi",30,20,1,1,0,0,0,0,0,0,0,0,0,0,0,0,0,0,0,0,0,0,0,0,"","2017-09-25 13:04:44","2017-10-04 07:46:28","kosugi001yot"
141,2016,"Yokohama Bay Stars","Yasutomo Kubo",35,15,30,27,0,2,0,0,0,1,0,0,0,16,0.074,0.074,0.074,0.148,2,0,0,3,0,0,"","2017-09-25 13:04:44","2017-10-04 07:46:28","kubo--001yas"
142,2016,"Yokohama Bay Stars","Yuya Kubo",36,9,1,1,0,0,0,0,0,0,0,0,0,1,0,0,0,0,0,0,0,0,0,0,"","2017-09-25 13:04:44","2017-10-04 07:46:28","kubo--001yuu"
143,2016,"Yokohama Bay Stars","Kento Kumabara",22,18,5,5,0,0,0,0,0,0,0,0,0,3,0,0,0,0,0,0,0,0,0,0,"","2017-09-25 13:04:44","2017-10-04 07:46:28","kumaba000ken"
144,2016,"Yokohama Bay Stars","Yuki Kuniyoshi",24,1,1,1,0,0,0,0,0,0,0,0,0,1,0,0,0,0,0,0,0,0,0,0,"","2017-09-25 13:04:44","2017-10-04 07:46:28","kuniyo000yuk"
145,2016,"Yokohama Bay Stars","Toshihiko Kuramoto",25,141,566,534,38,157,19,2,1,38,2,3,22,98,0.294,0.323,0.343,0.665,183,13,2,5,3,0,"","2017-09-25 13:04:44","2017-10-04 07:46:28","kuramo000tos"
146,2016,"Yokohama Bay Stars","Masayuki Kuwahara",22,133,522,462,80,131,23,2,11,49,19,11,38,93,0.284,0.356,0.413,0.769,191,5,14,8,0,0,"","2017-09-25 13:04:44","2017-10-04 07:46:28","kuwaha000mas"
147,2016,"Yokohama Bay Stars","Jose Lopez",32,123,518,483,66,127,27,1,34,95,0,0,24,75,0.263,0.299,0.534,0.833,258,12,4,0,7,0,"","2017-09-25 13:04:44","2017-10-04 07:46:28","lopez-007jos"
148,2016,"Yokohama Bay Stars","Hyuma Matsui",25,17,38,35,3,5,0,0,1,1,0,0,1,8,0.143,0.211,0.229,0.439,8,0,2,0,0,0,"","2017-09-25 13:04:44","2017-10-04 07:46:28","matsui000hyu"
149,2016,"Yokohama Bay Stars","Keijiro Matsumoto",30,11,14,13,1,2,0,0,0,0,0,0,0,0,0.154,0.214,0.154,0.368,2,0,1,0,0,0,"","2017-09-25 13:04:44","2017-10-04 07:46:28","matsum001kei"
150,2016,"Yokohama Bay Stars","Tomoya Mikami",27,59,1,1,0,0,0,0,0,0,0,0,0,1,0,0,0,0,0,0,0,0,0,0,"","2017-09-25 13:04:44","2017-10-04 07:46:28","mikami000tom"
151,2016,"Yokohama Bay Stars","Hiroki Minei",25,11,17,15,2,5,1,0,0,3,0,0,0,2,0.333,0.412,0.4,0.812,6,1,2,0,0,0,"","2017-09-25 13:04:44","2017-10-04 07:46:28","minei-000hir"
152,2016,"Yokohama Bay Stars","Kazuki Mishima",26,4,8,7,0,0,0,0,0,0,0,0,0,5,0,0,0,0,0,0,0,1,0,0,"","2017-09-25 13:04:44","2017-10-04 07:46:28","mishim000kaz"
153,2016,"Yokohama Bay Stars","Daisuke Miura",42,3,6,6,1,2,0,0,0,0,0,0,0,2,0.333,0.333,0.333,0.667,2,0,0,0,0,0,"","2017-09-25 13:04:44","2017-10-04 07:46:28","miura-001dai"
154,2016,"Yokohama Bay Stars","Toshiro Miyazaki",27,101,335,302,31,88,16,0,11,36,0,0,25,30,0.291,0.361,0.454,0.815,137,12,8,0,0,0,"","2017-09-25 13:04:44","2017-10-04 07:46:28","miyaza000tos"
155,2016,"Yokohama Bay Stars","Guillermo Moscoso",32,13,23,14,2,1,0,0,0,0,0,0,2,7,0.071,0.188,0.071,0.259,1,0,0,7,0,0,"","2017-09-25 13:04:44","2017-10-04 07:46:28","moscos001gui"
156,2016,"Yokohama Bay Stars","Masashi Nishimori",28,6,3,3,0,0,0,0,0,0,1,0,0,0,0,0,0,0,0,1,0,0,0,0,"","2017-09-25 13:04:44","2017-10-04 07:46:28","nishim001mas"
157,2016,"Yokohama Bay Stars","Tomo Otosaka",22,55,124,115,12,31,9,0,1,8,3,0,7,28,0.27,0.317,0.374,0.691,43,2,1,1,0,0,"","2017-09-25 13:04:44","2017-10-04 07:46:28","otosak000tom"
158,2016,"Yokohama Bay Stars","Zach Petrick",26,15,15,13,0,2,0,0,0,2,0,0,1,7,0.154,0.214,0.154,0.368,2,0,0,1,0,0,"","2017-09-25 13:04:44","2017-10-04 07:46:29","petric000zac"
159,2016,"Yokohama Bay Stars","Jamie Romak",30,30,85,71,7,8,1,0,0,2,0,0,12,30,0.113,0.247,0.127,0.374,9,2,1,0,1,0,"","2017-09-25 13:04:44","2017-10-04 07:46:29","romak-001jam"
160,2016,"Yokohama Bay Stars","Taiki Sekine",21,70,106,98,15,20,1,1,0,7,4,4,2,18,0.204,0.235,0.235,0.47,23,0,2,4,0,0,"","2017-09-25 13:04:44","2017-10-04 07:46:29","sekine000tai"
161,2016,"Yokohama Bay Stars","Tatsuhiro Shibata",22,19,46,39,4,8,0,1,0,2,1,0,5,8,0.205,0.295,0.256,0.552,10,1,0,2,0,0,"","2017-09-25 13:04:44","2017-10-04 07:46:29","shibat000tat"
162,2016,"Yokohama Bay Stars","Tatsuya Shimozono",31,67,85,74,5,20,2,0,1,14,0,0,9,13,0.27,0.353,0.338,0.691,25,1,1,0,1,0,"","2017-09-25 13:04:44","2017-10-04 07:46:29","shimoz001tat"
163,2016,"Yokohama Bay Stars","Naoki Shirane",23,3,4,4,0,0,0,0,0,0,0,0,0,1,0,0,0,0,0,1,0,0,0,0,"","2017-09-25 13:04:44","2017-10-04 07:46:29","shiran000nao"
164,2016,"Yokohama Bay Stars","Hiroyuki Shirasaki",25,92,214,203,20,42,11,0,6,12,0,1,6,32,0.207,0.241,0.35,0.59,71,8,3,2,0,0,"","2017-09-25 13:04:44","2017-10-04 07:46:29","shiras000hir"
165,2016,"Yokohama Bay Stars","Yoshiki Sunada",20,17,16,14,0,2,0,0,0,1,0,0,0,8,0.143,0.143,0.143,0.286,2,0,0,2,0,0,"","2017-09-25 13:04:44","2017-10-04 07:46:29","sunada000yos"
166,2016,"Yokohama Bay Stars","Shuto Takajo",23,47,103,92,4,15,2,0,0,9,0,0,8,31,0.163,0.238,0.185,0.422,17,3,1,2,0,2,"","2017-09-25 13:04:44","2017-10-04 07:46:29","takajo000shu"
167,2016,"Yokohama Bay Stars","Yasutaka Tobashira",26,124,393,367,25,83,8,0,2,23,0,0,20,63,0.226,0.267,0.264,0.532,97,10,1,4,1,4,"","2017-09-25 13:04:44","2017-10-04 07:46:29","tobash000yas"
168,2016,"Yokohama Bay Stars","Yoshitomo Tsutsugo",24,133,561,469,89,151,28,4,44,110,0,1,87,105,0.322,0.43,0.68,1.11,319,6,3,0,2,1,"","2017-09-25 13:04:44","2017-10-04 07:46:29","tsutsu000yos"
169,2016,"Yokohama Bay Stars","Shun Yamaguchi",28,19,50,43,2,5,0,0,1,4,0,0,3,23,0.116,0.174,0.186,0.36,8,2,0,4,0,0,"","2017-09-25 13:04:44","2017-10-04 07:46:29","yamagu001shu"
170,2016,"Yokohama Bay Stars","Koki Yamashita",23,62,100,98,11,22,2,1,0,7,3,1,1,18,0.224,0.23,0.265,0.495,26,1,0,0,1,0,"","2017-09-25 13:04:44","2017-10-04 07:46:29","yamash000kok"
171,2016,"Yokohama Bay Stars","Shigeo Yanagida",34,23,24,21,2,1,0,0,0,0,0,0,2,6,0.048,0.13,0.048,0.178,1,0,0,1,0,0,"","2017-09-25 13:04:44","2017-10-04 07:46:29","yanagi002shi"
172,2016,"Yomiuri Giants","Shinnosuke Abe",37,91,387,335,43,104,13,0,12,52,0,1,44,55,0.31,0.394,0.457,0.85,153,8,4,1,3,1,"","2017-09-25 13:07:59","2017-10-05 03:48:54","abe---001shi"
173,2016,"Yomiuri Giants","Ryoji Aikawa",39,37,48,41,2,10,2,0,0,4,0,0,6,10,0.244,0.333,0.293,0.626,12,0,0,0,1,1,"","2017-09-25 13:07:59","2017-10-05 03:48:54","aikawa002ryo"
174,2016,"Yomiuri Giants","Leslie Anderson",34,3,12,12,0,3,0,0,0,1,0,0,0,4,0.25,0.25,0.25,0.5,3,0,0,0,0,0,"","2017-09-25 13:07:59","2017-10-05 03:48:54","anders002les"
175,2016,"Yomiuri Giants","Hisayoshi Chono",31,143,618,576,58,163,28,4,11,42,8,2,33,78,0.283,0.326,0.403,0.729,232,7,5,1,3,0,"","2017-09-25 13:07:59","2017-10-05 03:48:54","chono-001his"
176,2016,"Yomiuri Giants","Luis Cruz",32,81,314,298,26,75,14,0,11,37,0,2,11,40,0.252,0.28,0.409,0.69,122,7,2,0,3,0,"","2017-09-25 13:07:59","2017-10-05 03:48:54","cruz--001lui"
177,2016,"Yomiuri Giants","Takehiro Donoue",31,43,53,48,4,8,2,0,2,6,0,0,4,11,0.167,0.245,0.333,0.579,16,2,1,0,0,0,"","2017-09-25 13:07:59","2017-10-05 03:48:54","donoue001tak"
178,2016,"Yomiuri Giants","Yuki Egarashi",29,2,3,3,0,0,0,0,0,0,0,0,0,1,0,0,0,0,0,0,0,0,0,0,"","2017-09-25 13:07:59","2017-10-05 03:48:54","egaras000yuk"
179,2016,"Yomiuri Giants","Daisuke Fujimura",26,5,6,4,1,0,0,0,0,0,0,0,1,0,0,0.2,0,0.2,0,0,0,1,0,0,"","2017-09-25 13:07:59","2017-10-05 03:48:54","fujimu000dai"
180,2016,"Yomiuri Giants","Jose Garcia",24,4,7,7,0,0,0,0,0,0,0,0,0,3,0,0,0,0,0,0,0,0,0,0,"","2017-09-25 13:07:59","2017-10-05 03:48:54","garcia040jos"
181,2016,"Yomiuri Giants","Jun Hasegawa",25,3,1,0,0,0,0,0,0,0,0,0,0,0,NULL,NULL,NULL,NULL,0,0,0,1,0,0,"","2017-09-25 13:07:59","2017-10-05 03:48:54","hasega000jun"
182,2016,"Yomiuri Giants","Itaru Hashimoto",26,74,259,219,27,51,15,1,2,20,7,3,20,45,0.233,0.297,0.338,0.635,74,4,0,20,0,0,"","2017-09-25 13:07:59","2017-10-05 03:48:54","hashim001ita"
183,2016,"Yomiuri Giants","Nobutaka Imamura",22,16,24,22,0,2,0,0,0,0,0,0,0,9,0.091,0.091,0.091,0.182,2,0,0,2,0,0,"","2017-09-25 13:07:59","2017-10-05 03:48:54","imamur000nob"
184,2016,"Yomiuri Giants","Garrett Jones",35,123,465,422,48,109,22,1,24,68,0,1,39,106,0.258,0.327,0.486,0.813,205,10,4,0,0,0,"","2017-09-25 13:07:59","2017-10-05 03:48:54","jones-002gar"
185,2016,"Yomiuri Giants","Yoshiyuki Kamei",33,66,240,226,21,57,14,0,3,23,0,2,11,35,0.252,0.287,0.354,0.641,80,7,0,3,0,0,"","2017-09-25 13:07:59","2017-10-05 03:48:54","kamei-001yos"
186,2016,"Yomiuri Giants","Yasuyuki Kataoka",33,32,93,81,10,18,3,0,2,4,4,0,6,8,0.222,0.276,0.333,0.609,27,2,0,6,0,1,"","2017-09-25 13:07:59","2017-10-05 03:48:55","kataok001yas"
187,2016,"Yomiuri Giants","Atsushi Kita",27,3,7,5,0,1,0,0,0,0,0,0,1,3,0.2,0.429,0.2,0.629,1,1,1,0,0,0,"","2017-09-25 13:07:59","2017-10-05 03:48:55","kita--001ats"
188,2016,"Yomiuri Giants","Seiji Kobayashi",27,129,458,398,27,81,12,1,4,35,2,1,36,76,0.204,0.276,0.269,0.544,107,10,4,19,1,5,"","2017-09-25 13:07:59","2017-10-05 03:48:55","kobaya001sei"
189,2016,"Yomiuri Giants","Yuki Koyama",27,9,2,2,0,1,0,0,0,1,0,0,0,1,0.5,0.5,0.5,1,1,0,0,0,0,0,"","2017-09-25 13:07:59","2017-10-05 03:48:55","koyama000yuk"
190,2016,"Yomiuri Giants","Scott Mathieson",32,70,2,2,0,0,0,0,0,0,0,0,0,2,0,0,0,0,0,0,0,0,0,0,"","2017-09-25 13:07:59","2017-10-05 03:48:55","mathie001sco"
191,2016,"Yomiuri Giants","Tetsuya Matsumoto",31,52,77,69,6,12,1,1,0,1,2,0,2,22,0.174,0.208,0.217,0.426,15,1,1,5,0,0,"","2017-09-25 13:07:59","2017-10-05 03:48:55","matsum001tet"
192,2016,"Yomiuri Giants","Miles Mikolas",27,14,36,32,2,2,1,0,1,1,0,0,1,17,0.063,0.091,0.188,0.278,6,1,0,3,0,0,"","2017-09-25 13:07:59","2017-10-05 03:48:55","mikola001mil"
193,2016,"Yomiuri Giants","Ryosuke Miyaguni",24,34,1,1,0,0,0,0,0,0,0,0,0,0,0,0,0,0,0,0,0,0,0,0,"","2017-09-25 13:07:59","2017-10-05 03:48:55","miyagu000ryo"
194,2016,"Yomiuri Giants","Shuichi Murata",35,143,576,529,58,160,32,0,25,81,1,3,38,83,0.302,0.354,0.505,0.858,267,21,5,2,2,0,"","2017-09-25 13:07:59","2017-10-05 03:48:55","murata001shu"
195,2016,"Yomiuri Giants","Daisuke Nakai",26,43,61,51,3,10,2,1,0,4,0,0,7,13,0.196,0.3,0.275,0.575,14,0,1,1,1,0,"","2017-09-25 13:07:59","2017-10-05 03:48:55","nakai-001dai"
196,2016,"Yomiuri Giants","Kazuma Okamoto",20,3,10,10,0,1,1,0,0,0,0,0,0,2,0.1,0.1,0.2,0.3,2,2,0,0,0,0,"","2017-09-25 13:07:59","2017-10-05 03:48:55","okamot002kaz"
197,2016,"Yomiuri Giants","Taishi Ota",26,62,119,114,12,23,6,1,4,13,0,0,4,45,0.202,0.227,0.377,0.604,43,3,0,0,1,0,"","2017-09-25 13:07:59","2017-10-05 03:48:55","ota---001tai"
198,2016,"Yomiuri Giants","Kan Otake",33,17,31,24,0,1,0,0,0,0,0,0,1,11,0.042,0.08,0.042,0.122,1,0,0,6,0,0,"","2017-09-25 13:07:59","2017-10-05 03:48:55","ohtake001kan"
199,2016,"Yomiuri Giants","Aaron Poreda",29,5,9,9,0,0,0,0,0,0,0,0,0,8,0,0,0,0,0,0,0,0,0,0,"","2017-09-25 13:07:59","2017-10-05 03:48:55","poreda001aar"
200,2016,"Yomiuri Giants","Hayato Sakamoto",27,137,576,488,96,168,28,3,23,75,13,3,81,67,0.344,0.433,0.555,0.988,271,6,0,1,6,2,"","2017-09-25 13:07:59","2017-10-05 03:48:55","sakamo001hay"
201,2016,"Yomiuri Giants","Toshiki Sakurai",22,1,2,1,0,0,0,0,0,1,0,0,0,1,0,0,0,0,0,0,0,0,1,0,"","2017-09-25 13:07:59","2017-10-05 03:48:55","sakura000tos"
202,2016,"Yomiuri Giants","Kazunari Sanematsu",35,19,33,28,3,7,1,0,1,1,0,0,4,7,0.25,0.344,0.393,0.737,11,0,0,1,0,1,"","2017-09-25 13:07:59","2017-10-05 03:48:55","sanema001kaz"
203,2016,"Yomiuri Giants","Shinnosuke Shigenobu",23,25,87,79,10,15,1,3,0,2,5,1,7,20,0.19,0.256,0.278,0.534,22,0,0,1,0,0,"","2017-09-25 13:07:59","2017-10-05 03:48:55","shigen000shi"
204,2016,"Yomiuri Giants","Tomoyuki Sugano",26,26,61,54,3,12,1,0,0,3,0,0,1,18,0.222,0.232,0.241,0.473,13,0,0,5,1,0,"","2017-09-25 13:07:59","2017-10-05 03:48:55","sugano001tom"
205,2016,"Yomiuri Giants","Takahiro Suzuki",38,44,10,10,15,3,0,0,0,1,10,0,0,3,0.3,0.3,0.3,0.6,3,0,0,0,0,0,"","2017-09-25 13:07:59","2017-10-05 03:48:55","suzuki001tak"
206,2016,"Yomiuri Giants","Kazuto Taguchi",20,26,56,48,2,5,0,0,0,1,0,0,1,16,0.104,0.122,0.104,0.227,5,1,0,7,0,0,"","2017-09-25 13:07:59","2017-10-05 03:48:55","taguch000kaz"
207,2016,"Yomiuri Giants","Seiji Tahara",26,64,1,1,0,0,0,0,0,0,0,0,0,1,0,0,0,0,0,0,0,0,0,0,"","2017-09-25 13:07:59","2017-10-05 03:48:55","tahara000sei"
208,2016,"Yomiuri Giants","Kentaro Taira",20,1,1,1,0,0,0,0,0,0,0,0,0,0,0,0,0,0,0,0,0,0,0,0,"","2017-09-25 13:07:59","2017-10-05 03:48:55","taira-000ken"
209,2016,"Yomiuri Giants","Hayato Takagi",26,25,36,29,1,1,1,0,0,0,0,0,2,16,0.034,0.097,0.069,0.166,2,0,0,5,0,0,"","2017-09-25 13:07:59","2017-10-05 03:48:55","takagi000hay"
210,2016,"Yomiuri Giants","Soichiro Tateoka",26,51,209,188,15,43,6,1,2,9,9,3,10,31,0.229,0.286,0.303,0.589,57,1,5,6,0,0,"","2017-09-25 13:07:59","2017-10-05 03:48:55","tateok001soi"
211,2016,"Yomiuri Giants","Takayuki Terauchi",33,55,33,31,2,4,1,0,0,1,0,0,0,11,0.129,0.129,0.161,0.29,5,0,0,2,0,0,"","2017-09-25 13:07:59","2017-10-05 03:48:55","terauc001tak"
212,2016,"Yomiuri Giants","Harutomo Tsuji",21,15,40,34,1,6,2,0,0,0,0,1,4,12,0.176,0.3,0.235,0.535,8,0,2,0,0,0,"","2017-09-25 13:07:59","2017-10-05 03:48:55","tsuji-000har"
213,2016,"Yomiuri Giants","Tetsuya Utsumi",34,18,35,28,0,1,0,0,0,0,0,0,3,18,0.036,0.129,0.036,0.165,1,0,0,4,0,0,"","2017-09-25 13:07:59","2017-10-05 03:48:55","utsumi001tet"
214,2016,"Yomiuri Giants","Ryota Wakiya",34,54,115,108,8,17,3,1,1,7,0,0,6,18,0.157,0.202,0.231,0.433,25,4,0,1,0,0,"","2017-09-25 13:07:59","2017-10-05 03:48:55","wakiya001ryo"
215,2016,"Yomiuri Giants","Yasuhiro Yamamoto",22,27,86,78,8,20,5,1,0,2,0,1,2,20,0.256,0.275,0.346,0.621,27,2,0,6,0,0,"","2017-09-25 13:07:59","2017-10-05 03:48:55","yamamo003yas"
216,2016,"Yomiuri Giants","Daiki Yoshikawa",23,50,56,51,7,9,0,0,0,1,1,2,3,14,0.176,0.222,0.176,0.399,9,0,0,2,0,0,"","2017-09-25 13:07:59","2017-10-05 03:48:55","yoshik000dai"
217,2016,"Hanshin Tigers","Takumi Akiyama",25,8,3,2,0,2,0,0,0,0,0,0,0,0,1,1,1,2,2,0,0,1,0,0,"","2017-09-25 13:09:05","2017-10-05 04:04:39","akiyam001tak"
218,2016,"Hanshin Tigers","Yuya Ando",38,50,1,1,0,0,0,0,0,0,0,0,0,1,0,0,0,0,0,0,0,0,0,0,"","2017-09-25 13:09:05","2017-10-05 04:04:39","andoh-001yuy"
219,2016,"Hanshin Tigers","Koyo Aoyagi",22,13,19,17,0,2,1,0,0,0,0,0,0,9,0.118,0.118,0.176,0.294,3,0,0,2,0,0,"","2017-09-25 13:09:05","2017-10-05 04:04:39","aoyagi000koy"
220,2016,"Hanshin Tigers","Ryota Arai",32,46,88,78,10,12,3,0,3,8,1,0,7,21,0.154,0.23,0.308,0.538,24,1,1,1,1,0,"","2017-09-25 13:09:05","2017-10-05 04:04:39","arai--001ryo"
221,2016,"Hanshin Tigers","Fumiya Araki",28,46,73,57,13,14,2,0,0,2,2,0,8,10,0.246,0.348,0.281,0.629,16,1,1,7,0,1,"","2017-09-25 13:09:05","2017-10-05 04:04:39","araki-000fum"
222,2016,"Hanshin Tigers","Rafael Dolis",28,34,1,1,0,0,0,0,0,0,0,0,0,0,0,0,0,0,0,0,0,0,0,0,"","2017-09-25 13:09:05","2017-10-05 04:04:39","dolis-001raf"
223,2016,"Hanshin Tigers","Taiga Egoshi",23,72,217,191,33,40,6,1,7,20,4,3,18,78,0.209,0.284,0.361,0.645,69,2,3,2,3,0,"","2017-09-25 13:09:05","2017-10-05 04:04:39","egoshi000tai"
224,2016,"Hanshin Tigers","Daiki Enokida",29,35,1,0,0,0,0,0,0,0,0,0,0,0,NULL,NULL,NULL,NULL,0,0,0,1,0,0,"","2017-09-25 13:09:05","2017-10-05 04:04:39","enokid000dai"
225,2016,"Hanshin Tigers","Kyuji Fujikawa",35,43,8,8,0,0,0,0,0,0,0,0,0,6,0,0,0,0,0,0,0,0,0,0,"","2017-09-25 13:09:05","2017-10-05 04:04:39","fujika001kyu"
226,2016,"Hanshin Tigers","Shunsuke Fujikawa",28,41,56,43,4,8,2,0,0,2,2,1,9,12,0.186,0.321,0.233,0.553,10,1,0,3,1,0,"","2017-09-25 13:09:05","2017-10-05 04:04:39","fujika001shu"
227,2016,"Hanshin Tigers","Shintaro Fujinami",22,26,57,48,4,8,2,1,0,1,0,0,2,30,0.167,0.2,0.25,0.45,12,1,0,7,0,0,"","2017-09-25 13:09:05","2017-10-05 04:04:39","fujina000shi"
228,2016,"Hanshin Tigers","Kosuke Fukudome",39,131,523,453,52,141,25,3,11,59,0,1,61,78,0.311,0.392,0.453,0.845,205,6,3,0,6,5,"","2017-09-25 13:09:05","2017-10-05 04:04:39","fukudo001kos"
229,2016,"Hanshin Tigers","Mauro Gomez",31,139,554,498,58,127,20,0,22,79,2,1,48,130,0.255,0.325,0.428,0.753,213,13,5,0,3,3,"","2017-09-25 13:09:05","2017-10-05 04:04:39","gomez-001mau"
230,2016,"Hanshin Tigers","Matt Hague",30,31,124,104,13,24,6,0,2,11,1,0,16,21,0.231,0.339,0.346,0.685,36,3,2,0,2,0,"","2017-09-25 13:09:05","2017-10-05 04:04:39","hague-001mat"
231,2016,"Hanshin Tigers","Fumihito Haraguchi",24,107,364,318,38,95,16,0,11,46,1,2,26,52,0.299,0.376,0.453,0.829,144,8,15,2,3,0,"","2017-09-25 13:09:05","2017-10-05 04:04:39","haragu000fum"
232,2016,"Hanshin Tigers","Fumiya Hojo",21,122,438,385,44,105,25,1,5,33,6,0,38,91,0.273,0.341,0.382,0.723,147,10,4,7,4,4,"","2017-09-25 13:09:05","2017-10-05 04:04:39","hojo--000fum"
233,2016,"Hanshin Tigers","Ryota Imanari",28,82,132,119,5,27,3,0,0,5,1,2,10,27,0.227,0.29,0.252,0.542,30,3,1,1,1,0,"","2017-09-25 13:09:05","2017-10-05 04:04:39","imanar001ryo"
234,2016,"Hanshin Tigers","Yutaro Itayama",22,40,115,106,9,25,5,1,0,5,1,0,7,31,0.236,0.283,0.302,0.585,32,0,0,2,0,0,"","2017-09-25 13:09:05","2017-10-05 04:04:39","itayam000yut"
235,2016,"Hanshin Tigers","Hayata Ito",27,29,54,53,2,13,0,1,1,4,0,1,1,11,0.245,0.259,0.34,0.599,18,0,0,0,0,0,"","2017-09-25 13:09:05","2017-10-05 04:04:39","ito---001hay"
236,2016,"Hanshin Tigers","Yuta Iwasada",24,25,50,42,0,3,0,0,0,1,0,0,0,26,0.071,0.071,0.071,0.143,3,1,0,8,0,0,"","2017-09-25 13:09:05","2017-10-05 04:04:39","iwasad000yut"
237,2016,"Hanshin Tigers","Minoru Iwata",32,6,7,6,0,0,0,0,0,0,0,0,1,4,0,0.143,0,0.143,0,0,0,0,0,0,"","2017-09-25 13:09:05","2017-10-05 04:04:39","iwata-001min"
238,2016,"Hanshin Tigers","Suguru Iwazaki",25,16,25,22,0,0,0,0,0,1,0,0,1,9,0,0.083,0,0.083,0,0,1,1,0,0,"","2017-09-25 13:09:05","2017-10-05 04:04:39","iwazak000sug"
239,2016,"Hanshin Tigers","Keisuke Kano",33,66,95,87,6,21,1,0,3,17,0,0,5,18,0.241,0.287,0.356,0.644,31,2,1,1,1,0,"","2017-09-25 13:09:05","2017-10-05 04:04:39","kanoh-001kei"
240,2016,"Hanshin Tigers","Yamato Maeda",28,111,259,229,24,53,16,1,1,20,3,2,12,53,0.231,0.27,0.323,0.594,74,9,1,15,2,0,"","2017-09-25 13:09:05","2017-10-05 04:04:39","maeda-001yam"
241,2016,"Hanshin Tigers","Marcos Mateo",32,52,2,1,0,0,0,0,0,0,0,0,1,0,0,0.5,0,0.5,0,0,0,0,0,0,"","2017-09-25 13:09:05","2017-10-05 04:04:39","mateo-001mar"
242,2016,"Hanshin Tigers","Randy Messenger",34,28,67,65,4,9,1,0,0,3,1,0,0,28,0.138,0.138,0.154,0.292,10,0,0,2,0,0,"","2017-09-25 13:09:05","2017-10-05 04:04:39","messen001ran"
243,2016,"Hanshin Tigers","Yuto Morikoshi",27,2,1,1,0,0,0,0,0,0,0,0,0,1,0,0,0,0,0,0,0,0,0,0,"","2017-09-25 13:09:05","2017-10-05 04:04:39","moriko000yut"
244,2016,"Hanshin Tigers","Koki Moriya",22,4,1,1,0,0,0,0,0,0,0,0,0,1,0,0,0,0,0,0,0,0,0,0,"","2017-09-25 13:09:05","2017-10-05 04:04:39","moriya000kok"
245,2016,"Hanshin Tigers","Masahiro Nakatani",23,64,163,154,18,41,7,0,4,14,1,1,8,49,0.266,0.307,0.39,0.696,60,2,1,0,0,0,"","2017-09-25 13:09:05","2017-10-05 04:04:39","nakata000mas"
246,2016,"Hanshin Tigers","Tsuyoshi Nishioka",31,55,205,190,16,56,7,1,0,15,6,1,13,25,0.295,0.346,0.342,0.688,65,5,2,0,0,1,"","2017-09-25 13:09:05","2017-10-05 04:04:40","nishio002tsu"
247,2016,"Hanshin Tigers","Atsushi Nomi",37,26,49,36,3,3,0,0,0,1,0,0,5,20,0.083,0.19,0.083,0.274,3,0,0,7,1,0,"","2017-09-25 13:09:05","2017-10-05 04:04:40","nohmi-001ats"
248,2016,"Hanshin Tigers","Ryosuke Ogata",25,21,25,24,2,4,1,0,0,0,0,0,0,6,0.167,0.167,0.208,0.375,5,1,0,1,0,0,"","2017-09-25 13:09:05","2017-10-05 04:04:40","ogata-000ryo"
249,2016,"Hanshin Tigers","Taichi Okazaki",33,38,76,65,4,13,3,0,0,5,1,0,7,16,0.2,0.274,0.246,0.52,16,0,0,3,1,0,"","2017-09-25 13:09:05","2017-10-05 04:04:40","okazak001tai"
250,2016,"Hanshin Tigers","Seishiro Sakamoto",22,28,55,45,4,9,2,1,1,2,0,0,4,14,0.2,0.265,0.356,0.621,16,3,0,6,0,1,"","2017-09-25 13:09:05","2017-10-05 04:04:40","sakamo000sei"
251,2016,"Hanshin Tigers","Kohei Shibata",29,10,17,14,0,3,1,0,0,0,0,0,1,3,0.214,0.313,0.286,0.598,4,0,1,1,0,0,"","2017-09-25 13:09:05","2017-10-05 04:04:40","shibat001koh"
252,2016,"Hanshin Tigers","Takashi Shimizu",32,2,4,4,0,0,0,0,0,0,0,0,0,3,0,0,0,0,0,0,0,0,0,0,"","2017-09-25 13:09:05","2017-10-05 04:04:40","shimiz002tak"
253,2016,"Hanshin Tigers","Shun Takayama",23,134,530,494,48,136,23,5,8,65,5,4,27,109,0.275,0.316,0.391,0.707,193,8,4,2,3,1,"","2017-09-25 13:09:05","2017-10-05 04:04:40","takaya000shu"
254,2016,"Hanshin Tigers","Takashi Toritani",35,143,533,449,49,106,16,1,7,36,13,3,75,80,0.236,0.344,0.323,0.667,145,12,2,1,6,0,"","2017-09-25 13:09:05","2017-10-05 04:04:40","torita001tak"
255,2016,"Hanshin Tigers","Kazunari Tsuruoka",39,10,5,5,0,0,0,0,0,0,0,0,0,1,0,0,0,0,0,0,0,0,0,0,"","2017-09-25 13:09:05","2017-10-05 04:04:40","tsuruo001kaz"
256,2016,"Hanshin Tigers","Hiroki Uemoto",29,45,113,101,18,26,7,0,2,8,3,0,12,14,0.257,0.336,0.386,0.722,39,0,0,0,0,0,"","2017-09-25 13:09:05","2017-10-05 04:04:40","uemoto001hir"
257,2016,"Hanshin Tigers","Ryutaro Umeno",25,37,98,89,3,12,0,0,0,4,1,0,6,22,0.135,0.189,0.135,0.324,12,4,0,3,0,1,"","2017-09-25 13:09:06","2017-10-05 04:04:40","umeno-001ryu"
258,2016,"Hanshin Tigers","Naomasa Yokawa",24,29,77,72,6,12,0,0,2,4,0,0,4,22,0.167,0.221,0.25,0.471,18,0,1,0,0,0,"","2017-09-25 13:09:06","2017-10-05 04:04:40","yokawa000nao"
259,2016,"Hanshin Tigers","Shintaro Yokota",21,38,109,105,14,20,2,0,0,4,4,2,2,13,0.19,0.22,0.21,0.43,22,3,2,0,0,0,"","2017-09-25 13:09:06","2017-10-05 04:04:40","yokota000shi"
260,2016,"Hanshin Tigers","Yuya Yokoyama",22,3,7,6,2,1,1,0,0,0,0,0,0,4,0.167,0.167,0.333,0.5,2,0,0,1,0,0,"","2017-09-25 13:09:06","2017-10-05 04:04:40","yokoya000yuy"
261,2016,"Fukuoka Softbank Hawks","Kenji Akashi",30,47,152,135,17,31,6,2,0,16,6,2,7,34,0.23,0.274,0.304,0.578,41,3,2,6,2,0,"","2017-09-25 13:12:01","2017-10-02 06:39:43","akashi001ken"
262,2016,"Fukuoka Softbank Hawks","Barbaro Canizares",36,16,42,39,3,7,1,0,0,3,0,0,2,11,0.179,0.238,0.205,0.443,8,1,1,0,0,0,"","2017-09-25 13:12:02","2017-10-02 06:39:43","caniza001bar"
263,2016,"Fukuoka Softbank Hawks","Tomoaki Egawa",29,42,138,114,17,26,4,1,4,15,0,2,18,44,0.228,0.343,0.386,0.729,44,2,3,1,2,0,"","2017-09-25 13:12:02","2017-10-02 06:39:43","egawa-001tom"
264,2016,"Fukuoka Softbank Hawks","Shuhei Fukuda",27,81,239,212,30,49,5,4,3,18,11,3,20,51,0.231,0.298,0.335,0.633,71,2,1,4,2,1,"","2017-09-25 13:12:02","2017-10-02 06:39:43","fukuda001shu"
265,2016,"Fukuoka Softbank Hawks","Yuya Hasegawa",31,122,442,387,45,105,15,3,10,51,2,4,51,95,0.271,0.361,0.403,0.764,156,9,3,1,0,2,"","2017-09-25 13:12:02","2017-10-02 06:39:43","hasega001yuy"
266,2016,"Fukuoka Softbank Hawks","Nao Higashihama",26,23,7,3,0,0,0,0,0,0,0,0,2,2,0,0.4,0,0.4,0,0,0,2,0,0,"","2017-09-25 13:12:02","2017-10-02 06:39:43","higash001nao"
267,2016,"Fukuoka Softbank Hawks","Yuichi Honda",31,110,388,332,52,93,9,1,1,27,23,7,33,51,0.28,0.344,0.322,0.666,107,6,1,19,3,0,"","2017-09-25 13:12:02","2017-10-02 06:39:43","honda-001yui"
268,2016,"Fukuoka Softbank Hawks","Toru Hosokawa",36,49,115,93,6,21,2,0,1,6,1,0,6,28,0.226,0.28,0.28,0.56,26,4,1,15,0,0,"","2017-09-25 13:12:02","2017-10-02 06:39:43","hosoka001too"
269,2016,"Fukuoka Softbank Hawks","Kenta Imamiya",24,137,590,497,74,122,22,5,10,56,8,4,47,86,0.245,0.312,0.37,0.682,184,7,3,38,5,0,"","2017-09-25 13:12:02","2017-10-02 06:39:43","mamiy000ken"
270,2016,"Fukuoka Softbank Hawks","Kentaro Inomoto",25,5,10,8,0,0,0,0,0,0,0,0,1,5,0,0.2,0,0.2,0,0,1,0,0,0,"","2017-09-25 13:12:02","2017-10-02 06:39:43","inomot000ken"
271,2016,"Fukuoka Softbank Hawks","Sho Iwasaki",26,35,1,1,0,0,0,0,0,0,0,0,0,1,0,0,0,0,0,0,0,0,0,0,"","2017-09-25 13:12:02","2017-10-02 06:39:43","iwasak001sho"
272,2016,"Fukuoka Softbank Hawks","Takuya Kai",23,13,7,6,1,1,1,0,0,1,0,0,1,4,0.167,0.286,0.333,0.619,2,0,0,0,0,0,"","2017-09-25 13:12:02","2017-10-02 06:39:43","kai---000tak"
273,2016,"Fukuoka Softbank Hawks","Go Kamamoto",22,1,1,1,0,0,0,0,0,0,0,0,0,1,0,0,0,0,0,0,0,0,0,0,"","2017-09-25 13:12:02","2017-10-02 06:39:43","kamamo000go-"
274,2016,"Fukuoka Softbank Hawks","Keisuke Kaneko",30,10,5,5,0,0,0,0,0,0,0,0,0,4,0,0,0,0,0,0,0,0,0,0,"","2017-09-25 13:12:02","2017-10-02 06:39:43","kaneko001kei"
275,2016,"Fukuoka Softbank Hawks","Keizo Kawashima",32,20,50,40,4,5,0,0,0,3,0,3,8,10,0.125,0.286,0.125,0.411,5,0,1,1,0,0,"","2017-09-25 13:12:02","2017-10-02 06:39:43","kawash001kei"
276,2016,"Fukuoka Softbank Hawks","Ryuma Kidokoro",30,84,162,148,32,39,6,1,6,19,11,1,11,45,0.264,0.314,0.439,0.754,65,0,0,3,0,0,"","2017-09-25 13:12:02","2017-10-02 06:39:43","kidoko001ryu"
277,2016,"Fukuoka Softbank Hawks","Taisei Makihara",23,41,97,90,15,22,3,0,0,6,4,0,1,15,0.244,0.25,0.278,0.528,25,0,0,5,1,0,"","2017-09-25 13:12:02","2017-10-02 06:39:43","makiha000tai"
278,2016,"Fukuoka Softbank Hawks","Nobuhiro Matsuda",33,143,609,548,79,142,23,5,27,85,6,6,48,141,0.259,0.325,0.467,0.792,256,14,8,0,5,2,"","2017-09-25 13:12:02","2017-10-02 06:39:43","matsud001nob"
279,2016,"Fukuoka Softbank Hawks","Akira Nakamura",26,143,612,488,69,140,21,1,7,50,6,5,99,53,0.287,0.416,0.377,0.793,184,8,12,9,4,4,"","2017-09-25 13:12:02","2017-10-02 06:39:43","nakamu000aki"
280,2016,"Fukuoka Softbank Hawks","Kenichi Nakata",33,17,2,2,0,0,0,0,0,0,0,0,0,1,0,0,0,0,0,0,0,0,0,0,"","2017-09-25 13:12:02","2017-10-02 06:39:43","nakata001ken"
281,2016,"Fukuoka Softbank Hawks","Dennis Sarfate",35,64,1,1,0,0,0,0,0,0,0,0,0,1,0,0,0,0,0,0,0,0,0,0,"","2017-09-25 13:12:02","2017-10-02 06:39:43","sarfat001den"
282,2016,"Fukuoka Softbank Hawks","Kodai Senga",23,25,5,5,0,1,0,0,0,0,0,0,0,4,0.2,0.2,0.2,0.4,1,0,0,0,0,0,"","2017-09-25 13:12:02","2017-10-02 06:39:43","senga-000kod"
283,2016,"Fukuoka Softbank Hawks","Tomoki Takata",26,36,77,63,5,11,2,0,0,2,1,1,10,15,0.175,0.288,0.206,0.494,13,0,0,4,0,0,"","2017-09-25 13:12:02","2017-10-02 06:39:43","takata000tom"
284,2016,"Fukuoka Softbank Hawks","Hiroaki Takaya",34,37,103,81,12,20,0,0,2,16,0,0,10,12,0.247,0.333,0.321,0.654,26,4,1,10,1,0,"","2017-09-25 13:12:02","2017-10-02 06:39:43","takaya001hir"
285,2016,"Fukuoka Softbank Hawks","Shota Takeda",23,27,6,5,0,0,0,0,0,0,0,0,0,3,0,0,0,0,0,1,0,1,0,0,"","2017-09-25 13:12:02","2017-10-02 06:39:43","takeda000sho"
286,2016,"Fukuoka Softbank Hawks","Masayoshi Tsukada",26,1,1,1,0,0,0,0,0,0,0,0,0,1,0,0,0,0,0,0,0,0,0,0,"","2017-09-25 13:12:02","2017-10-02 06:39:43","tsukad000mas"
287,2016,"Fukuoka Softbank Hawks","Shinya Tsuruoka",35,103,263,231,14,58,12,2,2,26,1,0,9,26,0.251,0.284,0.346,0.63,80,9,2,20,1,0,"","2017-09-25 13:12:02","2017-10-02 06:39:44","tsuruo001shi"
288,2016,"Fukuoka Softbank Hawks","Seiichi Uchikawa",33,141,605,556,62,169,19,0,18,106,3,2,38,53,0.304,0.345,0.435,0.781,242,27,2,0,9,2,"","2017-09-25 13:12:02","2017-10-02 06:39:44","uchika001sei"
289,2016,"Fukuoka Softbank Hawks","Seiji Uebayashi",20,14,19,19,0,4,1,0,0,1,0,0,0,7,0.211,0.211,0.263,0.474,5,0,0,0,0,0,"","2017-09-25 13:12:02","2017-10-02 06:39:44","uebaya000sei"
290,2016,"Fukuoka Softbank Hawks","Tsuyoshi Wada",35,24,3,2,1,0,0,0,0,0,0,0,1,1,0,0.333,0,0.333,0,0,0,0,0,0,"","2017-09-25 13:12:02","2017-10-02 06:39:44","wada--001tsu"
291,2016,"Fukuoka Softbank Hawks","Hiroki Yamada",27,4,1,0,0,0,0,0,0,0,0,0,0,0,NULL,NULL,NULL,NULL,0,0,0,1,0,0,"","2017-09-25 13:12:02","2017-10-02 06:39:44","yamada002hir"
292,2016,"Fukuoka Softbank Hawks","Ayatsugu Yamashita",23,13,31,26,1,6,1,0,0,1,0,0,0,8,0.231,0.222,0.269,0.491,7,0,0,4,1,0,"","2017-09-25 13:12:02","2017-10-02 06:39:44","yamash000aya"
293,2016,"Fukuoka Softbank Hawks","Yuki Yanagita",27,120,536,428,82,131,31,4,18,73,23,2,100,97,0.306,0.446,0.523,0.969,224,8,8,0,0,2,"","2017-09-25 13:12:02","2017-10-02 06:39:44","yanagi000yuk"
294,2016,"Fukuoka Softbank Hawks","Yuki Yoshimura",32,78,206,177,16,37,4,1,5,28,1,1,14,46,0.209,0.287,0.328,0.615,58,5,7,4,4,1,"","2017-09-25 13:12:02","2017-10-02 06:39:44","yoshim001yuk"
295,2016,"Saitama Seibu Lions","Shogo Akiyama",28,143,671,578,98,171,32,4,11,62,18,6,77,103,0.296,0.385,0.422,0.807,244,2,10,0,6,2,"","2017-09-25 13:13:11","2017-10-02 06:52:29","akiyam000sho"
296,2016,"Saitama Seibu Lions","Hideto Asamura",25,143,611,557,73,172,40,0,24,82,8,6,38,108,0.309,0.357,0.51,0.867,284,18,7,3,6,0,"","2017-09-25 13:13:11","2017-10-02 06:52:29","asamur001hid"
297,2016,"Saitama Seibu Lions","Yuji Kaneko",26,129,520,460,64,122,12,3,1,33,53,17,40,69,0.265,0.331,0.311,0.642,143,5,6,13,1,0,"","2017-09-25 13:13:11","2017-10-02 06:52:29","kaneko001yuj"
298,2016,"Saitama Seibu Lions","Yusei Kikuchi",25,22,2,2,0,0,0,0,0,0,0,0,0,1,0,0,0,0,0,0,0,0,0,0,"","2017-09-25 13:13:11","2017-10-02 06:52:29","kikuch000yus"
299,2016,"Saitama Seibu Lions","Fumikazu Kimura",27,28,35,30,4,5,1,0,0,2,1,0,2,12,0.167,0.219,0.2,0.419,6,0,0,3,0,0,"","2017-09-25 13:13:11","2017-10-02 06:52:29","kimura001fum"
300,2016,"Saitama Seibu Lions","Shogo Kimura",36,38,108,95,7,21,2,1,0,5,3,0,6,22,0.221,0.262,0.263,0.525,25,2,0,5,2,0,"","2017-09-25 13:13:11","2017-10-02 06:52:29","kimura001sho"
301,2016,"Saitama Seibu Lions","Takayuki Kishi",31,19,2,2,0,0,0,0,0,0,0,0,0,0,0,0,0,0,0,0,0,0,0,0,"","2017-09-25 13:13:11","2017-10-02 06:52:29","kishi-001tak"
302,2016,"Saitama Seibu Lions","Masato Kumashiro",27,28,9,6,2,1,0,0,0,0,0,1,1,2,0.167,0.286,0.167,0.452,1,0,0,2,0,0,"","2017-09-25 13:13:11","2017-10-02 06:52:29","kumash000mas"
303,2016,"Saitama Seibu Lions","Takumi Kuriyama",32,135,569,477,52,133,30,2,3,41,0,0,83,87,0.279,0.39,0.369,0.759,176,9,6,0,3,0,"","2017-09-25 13:13:11","2017-10-02 06:52:29","kuriya001tak"
304,2016,"Saitama Seibu Lions","Ernesto Mejia",30,137,583,511,73,129,26,0,35,103,1,1,59,148,0.252,0.333,0.509,0.842,260,15,6,0,7,4,"","2017-09-25 13:13:11","2017-10-02 06:52:29","mejia-001ern"
305,2016,"Saitama Seibu Lions","Daichi Mizuguchi",27,20,6,6,5,3,0,0,0,1,0,0,0,1,0.5,0.5,0.5,1,3,0,0,0,0,0,"","2017-09-25 13:13:11","2017-10-02 06:52:29","mizugu000dai"
306,2016,"Saitama Seibu Lions","Tomoya Mori",20,107,392,349,43,102,20,0,10,46,1,1,42,96,0.292,0.367,0.436,0.803,152,3,0,0,1,0,"","2017-09-25 13:13:11","2017-10-02 06:52:29","mori--000tom"
307,2016,"Saitama Seibu Lions","Kyohei Nagae",23,74,84,74,5,12,1,0,0,3,1,2,5,24,0.162,0.213,0.176,0.388,13,1,0,4,1,0,"","2017-09-25 13:13:11","2017-10-02 06:52:29","nagae-000kyo"
308,2016,"Saitama Seibu Lions","Takeya Nakamura",32,108,432,387,45,92,14,2,21,61,2,1,40,125,0.238,0.313,0.447,0.76,173,9,3,0,2,1,"","2017-09-25 13:13:11","2017-10-02 06:52:29","nakamu001tak"
309,2016,"Saitama Seibu Lions","Ryoma Nogami",29,22,2,2,0,0,0,0,0,0,0,0,0,0,0,0,0,0,0,0,0,0,0,0,"","2017-09-25 13:13:11","2017-10-02 06:52:29","nogami001ryo"
310,2016,"Saitama Seibu Lions","Masatoshi Okada",27,47,79,66,3,15,0,0,0,5,0,0,9,18,0.227,0.338,0.227,0.565,15,2,2,2,0,0,"","2017-09-25 13:13:11","2017-10-02 06:52:29","okada-000mas"
311,2016,"Saitama Seibu Lions","Yuji Onizaki",33,79,216,190,30,48,8,2,1,17,1,0,17,53,0.253,0.314,0.332,0.646,63,0,0,9,0,0,"","2017-09-25 13:13:11","2017-10-02 06:52:29","onizak001yuj"
312,2016,"Saitama Seibu Lions","Yutaro Osaki",31,4,6,5,0,0,0,0,0,0,0,0,1,0,0,0.167,0,0.167,0,0,0,0,0,0,"","2017-09-25 13:13:11","2017-10-02 06:52:29","ohsaki001yut"
313,2016,"Saitama Seibu Lions","Felipe Paulino",32,9,2,2,0,0,0,0,0,0,0,0,0,1,0,0,0,0,0,0,0,0,0,0,"","2017-09-25 13:13:11","2017-10-02 06:52:29","paulin001fel"
314,2016,"Saitama Seibu Lions","Shogo Saito",27,45,13,12,7,0,0,0,0,0,0,0,1,7,0,0.077,0,0.077,0,0,0,0,0,0,"","2017-09-25 13:13:11","2017-10-02 06:52:29","saito-001sho"
315,2016,"Saitama Seibu Lions","Ryo Sakata",29,45,161,151,16,37,8,1,3,26,0,0,8,22,0.245,0.28,0.371,0.65,56,5,0,0,2,0,"","2017-09-25 13:13:12","2017-10-02 06:52:29","sakata001ryo"
316,2016,"Saitama Seibu Lions","Yasuo Sano",23,15,1,1,0,0,0,0,0,0,0,0,0,0,0,0,0,0,0,0,0,0,0,0,"","2017-09-25 13:13:12","2017-10-02 06:52:29","sano--000yas"
317,2016,"Saitama Seibu Lions","Ginjiro Sumitani",28,117,326,294,19,64,10,1,1,22,0,1,13,48,0.218,0.251,0.269,0.52,79,12,0,19,0,0,"","2017-09-25 13:13:12","2017-10-02 06:52:29","sumita001gin"
318,2016,"Saitama Seibu Lions","Kona Takahashi",19,22,2,1,0,0,0,0,0,0,0,0,0,1,0,0,0,0,0,0,0,1,0,0,"","2017-09-25 13:13:12","2017-10-02 06:52:29","takaha000kon"
319,2016,"Saitama Seibu Lions","Naotaka Takehara",36,22,31,30,2,6,1,0,1,6,0,0,1,4,0.2,0.226,0.333,0.559,10,1,0,0,0,0,"","2017-09-25 13:13:12","2017-10-02 06:52:29","takeha001nao"
320,2016,"Saitama Seibu Lions","Shotaro Tashiro",26,13,5,4,2,1,0,0,0,0,0,0,0,0,0.25,0.25,0.25,0.5,1,0,0,1,0,0,"","2017-09-25 13:13:12","2017-10-02 06:52:29","tashir000sho"
321,2016,"Saitama Seibu Lions","Shinsaburo Tawata",23,18,3,3,0,0,0,0,0,0,0,0,0,2,0,0,0,0,0,0,0,0,0,0,"","2017-09-25 13:13:12","2017-10-02 06:52:29","tawata000shi"
322,2016,"Saitama Seibu Lions","Shuta Tonosaki",23,37,57,51,8,9,0,0,2,5,6,0,3,11,0.176,0.222,0.294,0.516,15,1,0,3,0,0,"","2017-09-25 13:13:12","2017-10-02 06:52:29","tonosa000shu"
323,2016,"Saitama Seibu Lions","Tatsuyuki Uemoto",35,67,98,88,7,27,4,0,1,12,0,1,8,23,0.307,0.361,0.386,0.747,34,2,0,1,1,0,"","2017-09-25 13:13:12","2017-10-02 06:52:29","uemoto001tat"
324,2016,"Saitama Seibu Lions","Andy Van Hekken",36,10,4,3,0,1,0,0,0,0,0,0,0,2,0.333,0.333,0.333,0.667,1,0,0,1,0,0,"","2017-09-25 13:13:12","2017-10-02 06:52:29","vanhek001and"
325,2016,"Saitama Seibu Lions","Naoto Watanabe",35,70,207,181,18,56,3,2,0,16,1,0,10,20,0.309,0.352,0.348,0.7,63,5,3,11,2,0,"","2017-09-25 13:13:12","2017-10-02 06:52:29","watana001nao"
326,2016,"Saitama Seibu Lions","Nien Ting Wu",23,43,142,124,12,24,3,1,0,11,1,0,14,25,0.194,0.282,0.234,0.516,29,4,2,0,2,0,"","2017-09-25 13:13:12","2017-10-02 06:52:30","wu----000nie"
327,2016,"Saitama Seibu Lions","Hotaka Yamakawa",24,49,157,139,24,36,4,0,14,32,0,0,15,36,0.259,0.335,0.59,0.925,82,1,1,2,0,0,"","2017-09-25 13:13:12","2017-10-02 06:52:30","yamaka000hot"
328,2016,"Hokkaido Nippon Ham Fighters","Kohei Arihara",23,22,4,4,0,0,0,0,0,0,0,0,0,3,0,0,0,0,0,0,0,0,0,0,"","2017-09-25 13:14:13","2017-10-02 07:05:21","arihar000koh"
329,2016,"Hokkaido Nippon Ham Fighters","Daiki Asama",20,52,115,110,9,21,4,1,1,9,2,1,4,36,0.191,0.219,0.273,0.492,30,0,0,1,0,0,"","2017-09-25 13:14:13","2017-10-02 07:05:21","asama-000dai"
330,2016,"Hokkaido Nippon Ham Fighters","Anthony Bass",28,37,3,3,0,0,0,0,0,0,0,0,0,2,0,0,0,0,0,0,0,0,0,0,"","2017-09-25 13:14:13","2017-10-02 07:05:21","bass--001ant"
331,2016,"Hokkaido Nippon Ham Fighters","Tomoya Ichikawa",31,71,156,133,9,22,2,0,1,12,1,0,8,28,0.165,0.226,0.203,0.429,27,2,3,10,2,1,"","2017-09-25 13:14:13","2017-10-02 07:05:21","ichika001tom"
332,2016,"Hokkaido Nippon Ham Fighters","Yuji Iiyama",36,36,3,3,1,1,1,0,0,0,0,0,0,2,0.333,0.333,0.667,1,2,0,0,0,0,0,"","2017-09-25 13:14:14","2017-10-02 07:05:21","iiyama001yuj"
333,2016,"Hokkaido Nippon Ham Fighters","Shingo Ishikawa",23,12,28,27,0,2,0,0,0,1,0,0,0,5,0.074,0.074,0.074,0.148,2,1,0,1,0,0,"","2017-09-25 13:14:14","2017-10-02 07:05:21","ishika000shi"
334,2016,"Hokkaido Nippon Ham Fighters","Kensuke Kondo",22,80,291,257,36,68,9,0,2,27,5,2,29,45,0.265,0.337,0.323,0.66,83,7,0,3,2,0,"","2017-09-25 13:14:14","2017-10-02 07:05:21","kondo-000ken"
335,2016,"Hokkaido Nippon Ham Fighters","Brandon Laird",28,143,598,547,71,144,21,0,39,97,0,0,44,138,0.263,0.319,0.516,0.835,282,16,3,0,4,1,"","2017-09-25 13:14:14","2017-10-02 07:05:21","laird-001bra"
336,2016,"Hokkaido Nippon Ham Fighters","Go Matsumoto",22,12,22,21,1,5,1,0,0,2,1,0,0,5,0.238,0.238,0.286,0.524,6,0,0,1,0,0,"","2017-09-25 13:14:14","2017-10-02 07:05:21","matsum000go-"
337,2016,"Hokkaido Nippon Ham Fighters","Luis Mendoza",32,23,4,3,0,0,0,0,0,0,0,0,0,3,0,0,0,0,0,0,0,1,0,0,"","2017-09-25 13:14:14","2017-10-02 07:05:21","mendoz002lui"
338,2016,"Hokkaido Nippon Ham Fighters","Takuya Nakashima",25,143,600,473,66,115,10,1,0,28,23,9,63,117,0.243,0.333,0.268,0.601,127,5,1,62,1,0,"","2017-09-25 13:14:14","2017-10-02 07:05:21","nakash000tak"
339,2016,"Hokkaido Nippon Ham Fighters","Sho Nakata",27,141,624,569,61,142,26,1,25,110,2,1,47,126,0.25,0.308,0.431,0.738,245,14,3,0,5,1,"","2017-09-25 13:14:14","2017-10-02 07:05:21","nakata001sho"
340,2016,"Hokkaido Nippon Ham Fighters","Haruki Nishikawa",24,138,593,493,76,155,18,4,5,43,41,5,73,113,0.314,0.405,0.398,0.802,196,0,3,22,2,0,"","2017-09-25 13:14:14","2017-10-02 07:05:21","nishik000har"
341,2016,"Hokkaido Nippon Ham Fighters","Hiromi Oka",24,41,154,131,28,49,7,0,2,12,9,1,15,27,0.374,0.45,0.473,0.924,62,4,4,3,1,0,"","2017-09-25 13:14:14","2017-10-02 07:05:21","oka---000hir"
342,2016,"Hokkaido Nippon Ham Fighters","Shota Ono",29,109,351,282,26,69,13,0,5,35,1,0,25,63,0.245,0.334,0.344,0.678,97,6,13,31,0,0,"","2017-09-25 13:14:14","2017-10-02 07:05:21","ono---001sho"
343,2016,"Hokkaido Nippon Ham Fighters","Susumu Orui",25,14,6,6,2,0,0,0,0,0,2,2,0,1,0,0,0,0,0,0,0,0,0,0,"","2017-09-25 13:14:14","2017-10-02 07:05:21","orui--000sus"
344,2016,"Hokkaido Nippon Ham Fighters","Takumi Oshima",26,12,17,15,1,3,1,0,0,1,0,0,0,2,0.2,0.235,0.267,0.502,4,0,1,0,1,0,"","2017-09-25 13:14:14","2017-10-02 07:05:21","oshima001tak"
345,2016,"Hokkaido Nippon Ham Fighters","Shohei Otani",21,104,382,323,65,104,18,1,22,67,7,2,54,98,0.322,0.416,0.588,1.004,190,7,1,0,4,2,"","2017-09-25 13:14:14","2017-10-02 07:05:21","otani-000sho"
346,2016,"Hokkaido Nippon Ham Fighters","Yushi Shimizu",20,5,8,8,0,2,0,0,0,0,0,0,0,2,0.25,0.25,0.25,0.5,2,0,0,0,0,0,"","2017-09-25 13:14:14","2017-10-02 07:05:21","shimiz000yus"
347,2016,"Hokkaido Nippon Ham Fighters","Kenshi Sugiya",25,62,138,104,11,25,5,1,0,9,4,2,11,23,0.24,0.313,0.308,0.621,32,1,0,23,0,1,"","2017-09-25 13:14:14","2017-10-02 07:05:21","sugiya002ken"
348,2016,"Hokkaido Nippon Ham Fighters","Hirotoshi Takanashi",25,37,2,2,0,0,0,0,0,0,0,0,0,2,0,0,0,0,0,0,0,0,0,0,"","2017-09-25 13:14:14","2017-10-02 07:05:21","takana000hir"
349,2016,"Hokkaido Nippon Ham Fighters","Kensuke Tanaka",35,143,626,541,61,147,14,1,2,53,22,8,69,56,0.272,0.361,0.312,0.674,169,4,9,3,4,3,"","2017-09-25 13:14:14","2017-10-02 07:05:21","tanaka001ken"
350,2016,"Hokkaido Nippon Ham Fighters","Yuya Taniguchi",24,83,211,193,26,49,3,2,1,9,7,0,8,48,0.254,0.287,0.306,0.593,59,2,1,9,0,0,"","2017-09-25 13:14:14","2017-10-02 07:05:21","tanigu000yuy"
351,2016,"Hokkaido Nippon Ham Fighters","Ryo Watanabe",21,1,3,3,1,1,0,0,1,1,0,0,0,0,0.333,0.333,1.333,1.667,4,0,0,0,0,0,"","2017-09-25 13:14:14","2017-10-02 07:05:21","watana002ryo"
352,2016,"Hokkaido Nippon Ham Fighters","Dai-Kang Yang",29,130,555,495,66,145,24,1,14,61,5,6,42,121,0.293,0.359,0.43,0.79,213,10,10,7,1,1,"","2017-09-25 13:14:14","2017-10-02 07:05:21","yang--001chu"
353,2016,"Hokkaido Nippon Ham Fighters","Kenji Yano",35,34,35,29,1,6,2,0,1,8,0,0,4,5,0.207,0.314,0.379,0.694,11,0,1,0,1,0,"","2017-09-25 13:14:14","2017-10-02 07:05:21","yano--001ken"
354,2016,"Hokkaido Nippon Ham Fighters","Toshitake Yokoo",23,10,17,17,1,2,0,0,0,0,0,0,0,3,0.118,0.118,0.118,0.235,2,0,0,0,0,0,"","2017-09-25 13:14:14","2017-10-02 07:05:21","yokoo-000tos"
355,2016,"Hokkaido Nippon Ham Fighters","Mitsuo Yoshikawa",28,27,4,3,0,0,0,0,0,0,0,0,0,2,0,0,0,0,0,0,0,1,0,0,"","2017-09-25 13:14:14","2017-10-02 07:05:21","yoshik001mit"
356,2016,"Chiba Lotte Marines","Kuan-Yu Chen",25,7,2,2,0,0,0,0,0,0,0,0,0,2,0,0,0,0,0,0,0,0,0,0,"","2017-09-25 13:16:19","2017-10-02 07:15:09","chen--000kua"
357,2016,"Chiba Lotte Marines","Alfredo Despaigne",30,134,570,496,81,139,27,0,24,92,0,3,64,89,0.28,0.361,0.48,0.841,238,25,3,0,7,3,"","2017-09-25 13:16:19","2017-10-02 07:15:09","despai000alf"
358,2016,"Chiba Lotte Marines","Naoya Emura",24,22,24,23,1,3,1,0,0,4,0,0,1,10,0.13,0.167,0.174,0.341,4,1,0,0,0,0,"","2017-09-25 13:16:19","2017-10-02 07:15:09","emura-000nao"
359,2016,"Chiba Lotte Marines","Kazuya Fukuura",40,36,90,82,4,20,2,0,0,7,0,0,5,12,0.244,0.311,0.268,0.579,22,2,3,0,0,0,"","2017-09-25 13:16:19","2017-10-02 07:15:09","fukuur001kaz"
360,2016,"Chiba Lotte Marines","Kota Futaki",20,22,3,3,0,0,0,0,0,0,0,0,0,1,0,0,0,0,0,0,0,0,0,0,"","2017-09-25 13:16:19","2017-10-02 07:15:09","futaki000kot"
361,2016,"Chiba Lotte Marines","Ryuzo Hijii",20,8,10,9,0,0,0,0,0,0,0,0,0,2,0,0.1,0,0.1,0,0,1,0,0,0,"","2017-09-25 13:16:19","2017-10-02 07:15:09","hijii-000ryu"
362,2016,"Chiba Lotte Marines","Taiga Hirasawa",18,23,53,47,3,7,2,1,0,3,0,0,4,18,0.149,0.216,0.234,0.45,11,1,0,2,0,0,"","2017-09-25 13:16:19","2017-10-02 07:15:09","hirasa000tai"
363,2016,"Chiba Lotte Marines","Kei Hosoya",28,116,404,371,45,102,23,4,3,40,9,4,18,93,0.275,0.313,0.383,0.696,142,6,3,11,1,0,"","2017-09-25 13:16:19","2017-10-02 07:15:09","hosoya001kei"
364,2016,"Chiba Lotte Marines","Tadahito Iguchi",41,79,176,152,13,39,8,0,5,34,1,0,19,50,0.257,0.341,0.408,0.749,62,1,2,0,3,0,"","2017-09-25 13:16:19","2017-10-02 07:15:09","iguchi001tad"
365,2016,"Chiba Lotte Marines","Seiya Inoue",26,35,107,99,7,23,5,0,2,16,0,0,5,19,0.232,0.29,0.343,0.633,34,6,3,0,0,0,"","2017-09-25 13:16:19","2017-10-02 07:15:09","inoue-000sei"
366,2016,"Chiba Lotte Marines","Ayumu Ishikawa",28,23,3,2,0,0,0,0,0,0,0,0,0,1,0,0,0,0,0,0,0,1,0,0,"","2017-09-25 13:16:19","2017-10-02 07:15:09","ishika000ayu"
367,2016,"Chiba Lotte Marines","Shota Ishimine",28,3,2,2,1,0,0,0,0,0,0,0,0,0,0,0,0,0,0,0,0,0,0,0,"","2017-09-25 13:16:19","2017-10-02 07:15:09","ishimi000sho"
368,2016,"Chiba Lotte Marines","Katsuya Kakunaka",29,143,607,525,74,178,30,5,8,69,12,4,68,64,0.339,0.417,0.461,0.877,242,8,6,2,6,6,"","2017-09-25 13:16:19","2017-10-02 07:15:09","kakuna001kat"
369,2016,"Chiba Lotte Marines","Takeshi Kanazawa",32,17,41,32,4,6,1,0,0,2,0,0,4,13,0.188,0.308,0.219,0.526,7,0,2,2,1,0,"","2017-09-25 13:16:19","2017-10-02 07:15:09","kanaza002tak"
370,2016,"Chiba Lotte Marines","Yuki Karakawa",26,15,1,1,0,0,0,0,0,0,0,0,0,1,0,0,0,0,0,0,0,0,0,0,"","2017-09-25 13:16:19","2017-10-02 07:15:09","karaka001yuk"
371,2016,"Chiba Lotte Marines","Shohei Kato",25,80,246,216,29,53,8,3,0,12,6,1,13,46,0.245,0.291,0.31,0.601,67,1,1,16,0,0,"","2017-09-25 13:16:19","2017-10-02 07:15:09","kato--001sho"
372,2016,"Chiba Lotte Marines","Kazuya Katsuki",20,2,6,6,0,1,0,0,0,0,0,0,0,3,0.167,0.167,0.167,0.333,1,0,0,0,0,0,"","2017-09-25 13:16:19","2017-10-02 07:15:09","katsuk000kaz"
373,2016,"Chiba Lotte Marines","Ikuhiro Kiyota",30,106,417,365,39,82,17,1,6,38,5,0,40,76,0.225,0.316,0.326,0.642,119,12,9,3,0,2,"","2017-09-25 13:16:19","2017-10-02 07:15:09","kiyota001iku"
374,2016,"Chiba Lotte Marines","Ryo Miki",24,75,58,54,8,10,1,1,0,2,0,0,1,17,0.185,0.2,0.241,0.441,13,1,0,3,0,0,"","2017-09-25 13:16:19","2017-10-02 07:15:09","miki--000ryo"
375,2016,"Chiba Lotte Marines","Shogo Nakamura",24,108,325,278,37,56,10,1,6,25,4,4,26,70,0.201,0.283,0.309,0.592,86,0,6,14,1,0,"","2017-09-25 13:16:19","2017-10-02 07:15:09","nakamu000sho"
376,2016,"Chiba Lotte Marines","Yamaico Navarro",28,82,340,286,38,62,6,1,10,44,0,3,49,64,0.217,0.329,0.35,0.679,100,5,1,0,4,0,"","2017-09-25 13:16:20","2017-10-02 07:15:09","navarr001yam"
377,2016,"Chiba Lotte Marines","Shunichi Nemoto",32,48,121,107,11,23,2,2,2,12,1,0,10,30,0.215,0.286,0.327,0.613,35,2,1,2,1,0,"","2017-09-25 13:16:20","2017-10-02 07:15:09","nemoto001shu"
378,2016,"Chiba Lotte Marines","Takashi Ogino",30,71,219,192,35,48,11,1,3,21,16,2,14,25,0.25,0.314,0.365,0.679,70,3,4,9,0,0,"","2017-09-25 13:16:20","2017-10-02 07:15:09","ogino-001tak"
379,2016,"Chiba Lotte Marines","Yoshifumi Okada",31,121,356,327,38,90,5,4,0,18,14,7,20,42,0.275,0.323,0.315,0.638,103,2,3,6,0,1,"","2017-09-25 13:16:20","2017-10-02 07:15:09","okada-001yos"
380,2016,"Chiba Lotte Marines","Shota Omine",24,38,80,72,5,17,4,1,0,7,0,0,2,20,0.236,0.257,0.319,0.576,23,2,0,6,0,0,"","2017-09-25 13:16:20","2017-10-02 07:15:09","omine-000sho"
381,2016,"Chiba Lotte Marines","Saburo Omura",40,1,4,4,0,1,1,0,0,0,0,0,0,3,0.25,0.25,0.5,0.75,2,0,0,0,0,0,"","2017-09-25 13:16:20","2017-10-02 07:15:09","ohmura001sab"
382,2016,"Chiba Lotte Marines","Ryota Sekiya",25,16,3,2,0,1,0,0,0,1,0,0,1,0,0.5,0.667,0.5,1.167,1,0,0,0,0,0,"","2017-09-25 13:16:20","2017-10-02 07:15:09","sekiya000ryo"
383,2016,"Chiba Lotte Marines","Jason Standridge",37,27,3,3,1,0,0,0,0,0,0,0,0,0,0,0,0,0,0,0,0,0,0,0,"","2017-09-25 13:16:20","2017-10-02 07:15:09","standr001jas"
384,2016,"Chiba Lotte Marines","Daichi Suzuki",26,143,583,501,62,143,30,2,6,61,3,1,50,56,0.285,0.356,0.389,0.745,195,9,9,16,7,2,"","2017-09-25 13:16:20","2017-10-02 07:15:09","suzuki001dai"
385,2016,"Chiba Lotte Marines","Takuya Takahama",26,53,158,144,19,31,6,0,3,13,0,0,8,30,0.215,0.257,0.319,0.576,46,2,0,6,0,0,"","2017-09-25 13:16:20","2017-10-02 07:15:09","takaha000tak"
386,2016,"Chiba Lotte Marines","Tatsuhiro Tamura",22,130,430,371,27,95,16,3,2,38,6,0,38,91,0.256,0.324,0.332,0.656,123,12,1,17,3,0,"","2017-09-25 13:16:20","2017-10-02 07:15:09","tamura000tat"
387,2016,"Chiba Lotte Marines","Hideaki Wakui",30,26,6,6,0,0,0,0,0,0,0,0,0,4,0,0,0,0,0,0,0,0,0,0,"","2017-09-25 13:16:20","2017-10-02 07:15:09","wakui-001hid"
388,2016,"Chiba Lotte Marines","Yuta Yoshida",24,24,35,30,1,0,0,0,0,0,0,0,1,12,0,0.032,0,0.032,0,1,0,4,0,0,"","2017-09-25 13:16:20","2017-10-02 07:15:09","yoshid000yut"
389,2016,"Tohoku Rakuten Golden Eagles","Toshihito Abe",27,55,28,27,7,5,2,0,0,2,0,0,0,8,0.185,0.185,0.259,0.444,7,0,0,1,0,0,"","2017-09-25 13:17:29","2017-10-02 12:06:39","abe---000tos"
390,2016,"Tohoku Rakuten Golden Eagles","Yuichi Adachi",26,73,208,185,14,42,5,0,1,14,0,2,10,36,0.227,0.264,0.27,0.534,50,2,0,11,2,0,"","2017-09-25 13:17:29","2017-10-02 12:06:39","adachi000yui"
391,2016,"Tohoku Rakuten Golden Eagles","Ginji Akaminai",28,125,497,424,39,116,17,1,2,43,1,1,61,49,0.274,0.369,0.333,0.702,141,20,5,4,3,5,"","2017-09-25 13:17:29","2017-10-02 12:06:39","akamin001gin"
392,2016,"Tohoku Rakuten Golden Eagles","Japhet Amador",29,39,138,132,15,34,3,2,9,19,0,0,6,32,0.258,0.29,0.515,0.805,68,6,0,0,0,0,"","2017-09-25 13:17:29","2017-10-02 12:06:39","amador001jap"
393,2016,"Tohoku Rakuten Golden Eagles","Luciano Fernando",24,4,11,11,1,2,1,0,0,0,0,0,0,3,0.182,0.182,0.273,0.455,3,1,0,0,0,0,"","2017-09-25 13:17:29","2017-10-02 12:06:39","fernan000luc"
394,2016,"Tohoku Rakuten Golden Eagles","Kazuya Fujita",33,120,449,408,27,108,13,5,0,46,1,1,19,44,0.265,0.297,0.321,0.618,131,7,1,18,3,0,"","2017-09-25 13:17:29","2017-10-02 12:06:39","fujita001kaz"
395,2016,"Tohoku Rakuten Golden Eagles","Masayoshi Fukuda",24,36,74,60,6,12,2,0,2,8,2,2,8,11,0.2,0.294,0.333,0.627,20,3,0,6,0,0,"","2017-09-25 13:17:29","2017-10-02 12:06:39","fukuda001mas"
396,2016,"Tohoku Rakuten Golden Eagles","Jonny Gomes",35,18,75,65,5,11,2,0,1,7,0,1,8,22,0.169,0.28,0.246,0.526,16,1,2,0,0,0,"","2017-09-25 13:17:29","2017-10-02 12:06:39","gomes-001jon"
397,2016,"Tohoku Rakuten Golden Eagles","Mitsutaka Goto",37,50,138,132,16,33,4,1,2,10,2,0,4,30,0.25,0.275,0.341,0.616,45,1,1,0,1,1,"","2017-09-25 13:17:29","2017-10-02 12:06:39","gotoh-001mit"
398,2016,"Tohoku Rakuten Golden Eagles","Ryo Hijirisawa",30,94,229,201,32,59,6,2,3,19,3,3,11,41,0.294,0.335,0.388,0.723,78,5,2,14,1,0,"","2017-09-25 13:17:29","2017-10-02 12:06:39","hijiri001ryo"
399,2016,"Tohoku Rakuten Golden Eagles","Toshiaki Imae",32,89,351,317,33,89,7,0,3,23,2,1,25,30,0.281,0.34,0.331,0.671,105,13,4,4,1,0,"","2017-09-25 13:17:29","2017-10-02 12:06:39","imae--001tos"
400,2016,"Tohoku Rakuten Golden Eagles","Tadashi Ishimine",31,27,22,18,0,3,0,0,0,1,0,1,1,4,0.167,0.2,0.167,0.367,3,0,0,2,1,1,"","2017-09-25 13:17:29","2017-10-02 12:06:39","ishimi001tad"
401,2016,"Tohoku Rakuten Golden Eagles","Yoshinao Kamata",22,20,5,5,1,1,1,0,0,1,0,0,0,2,0.2,0.2,0.4,0.6,2,0,0,0,0,0,"","2017-09-25 13:17:29","2017-10-02 12:06:39","kamata000yos"
402,2016,"Tohoku Rakuten Golden Eagles","Takashi Kawai",39,5,2,2,0,0,0,0,0,0,0,0,0,0,0,0,0,0,0,0,0,0,0,0,"","2017-09-25 13:17:29","2017-10-02 12:06:39","kawai-001tak"
403,2016,"Tohoku Rakuten Golden Eagles","Ryohei Kawamoto",34,11,23,19,1,3,1,0,0,2,0,0,1,4,0.158,0.238,0.211,0.449,4,0,1,2,0,0,"","2017-09-25 13:17:29","2017-10-02 12:06:39","kawamo001ryo"
404,2016,"Tohoku Rakuten Golden Eagles","Shota Koseki",24,7,9,7,0,0,0,0,0,0,0,0,1,3,0,0.125,0,0.125,0,0,0,1,0,0,"","2017-09-25 13:17:29","2017-10-02 12:06:39","koseki000sho"
405,2016,"Tohoku Rakuten Golden Eagles","Akihisa Makida",34,16,34,31,2,11,2,0,0,2,0,0,2,2,0.355,0.394,0.419,0.813,13,3,0,1,0,0,"","2017-09-25 13:17:29","2017-10-02 12:06:39","makida001aki"
406,2016,"Tohoku Rakuten Golden Eagles","Shintaro Masuda",28,45,66,54,5,15,1,0,1,6,3,0,11,23,0.278,0.409,0.352,0.761,19,1,1,0,0,0,"","2017-09-25 13:17:29","2017-10-02 12:06:39","masuda001shi"
407,2016,"Tohoku Rakuten Golden Eagles","Kazuo Matsui",40,56,179,160,19,34,6,1,2,13,3,0,17,42,0.213,0.291,0.3,0.591,48,5,1,0,1,1,"","2017-09-25 13:17:29","2017-10-02 12:06:39","matsui001kaz"
408,2016,"Tohoku Rakuten Golden Eagles","Manabu Mima",29,26,3,3,0,2,0,0,0,1,0,0,0,1,0.667,0.667,0.667,1.333,2,0,0,0,0,0,"","2017-09-25 13:17:29","2017-10-02 12:06:39","mima--000man"
409,2016,"Tohoku Rakuten Golden Eagles","Takumi Miyoshi",23,38,70,63,11,14,0,0,3,6,0,0,5,16,0.222,0.279,0.365,0.644,23,1,0,2,0,0,"","2017-09-25 13:17:29","2017-10-02 12:06:39","miyosh002tak"
410,2016,"Tohoku Rakuten Golden Eagles","Eigoro Mogi",22,117,481,424,56,118,20,7,7,40,11,4,30,95,0.278,0.33,0.408,0.738,173,8,4,21,2,0,"","2017-09-25 13:17:29","2017-10-02 12:06:39","mogi--000eig"
411,2016,"Tohoku Rakuten Golden Eagles","Taishi Nakagawa",26,22,80,74,8,15,2,0,2,18,0,0,5,21,0.203,0.253,0.311,0.564,23,1,0,1,0,0,"","2017-09-25 13:17:29","2017-10-02 12:06:39","nakaga001tai"
412,2016,"Tohoku Rakuten Golden Eagles","Tetsuro Nishida",24,11,21,20,3,2,0,0,1,1,0,0,1,6,0.1,0.143,0.25,0.393,5,2,0,0,0,0,"","2017-09-25 13:17:29","2017-10-02 12:06:39","nishid000tet"
413,2016,"Tohoku Rakuten Golden Eagles","Takahiro Norimoto",25,28,4,3,0,0,0,0,0,0,0,0,1,2,0,0.25,0,0.25,0,0,0,0,0,0,"","2017-09-25 13:17:29","2017-10-02 12:06:39","norimo000tak"
414,2016,"Tohoku Rakuten Golden Eagles","Takero Okajima",26,127,485,420,44,106,13,4,6,35,7,9,46,49,0.252,0.338,0.345,0.683,145,4,10,6,3,2,"","2017-09-25 13:17:29","2017-10-02 12:06:39","okajim000tak"
415,2016,"Tohoku Rakuten Golden Eagles","Louis Okoye",18,51,130,119,14,22,6,2,1,6,4,4,6,27,0.185,0.233,0.294,0.527,35,1,2,1,2,0,"","2017-09-25 13:17:29","2017-10-02 12:06:39","okoye-000lou"
416,2016,"Tohoku Rakuten Golden Eagles","Carlos Peguero",29,51,200,183,25,51,7,1,10,26,0,0,17,67,0.279,0.34,0.492,0.832,90,2,0,0,0,0,"","2017-09-25 13:17:29","2017-10-02 12:06:39","peguer001car"
417,2016,"Tohoku Rakuten Golden Eagles","Felix Perez",31,24,93,88,8,21,2,0,5,15,0,0,5,29,0.239,0.28,0.432,0.711,38,2,0,0,0,0,"","2017-09-25 13:17:29","2017-10-02 12:06:39","perez-002fel"
418,2016,"Tohoku Rakuten Golden Eagles","Motohiro Shima",31,80,256,199,26,54,9,1,2,17,4,4,40,43,0.271,0.393,0.357,0.75,71,6,0,17,0,0,"","2017-09-25 13:17:29","2017-10-02 12:06:39","shima-001mot"
419,2016,"Tohoku Rakuten Golden Eagles","Hiroaki Shimauchi",26,114,388,342,43,98,9,2,9,41,10,2,33,48,0.287,0.349,0.404,0.753,138,7,2,7,4,0,"","2017-09-25 13:17:29","2017-10-02 12:06:39","shimau002hir"
420,2016,"Tohoku Rakuten Golden Eagles","Takahiro Shiomi",27,24,4,4,0,0,0,0,0,0,0,0,0,3,0,0,0,0,0,0,0,0,0,0,"","2017-09-25 13:17:29","2017-10-02 12:06:39","shiomi000tak"
421,2016,"Tohoku Rakuten Golden Eagles","Kenji Tomura",28,11,4,4,0,0,0,0,0,0,0,0,0,3,0,0,0,0,0,0,0,0,0,0,"","2017-09-25 13:17:29","2017-10-02 12:06:39","tomura001ken"
422,2016,"Tohoku Rakuten Golden Eagles","Yasuhito Uchida",21,17,58,54,3,11,4,0,2,7,0,0,4,27,0.204,0.259,0.389,0.648,21,0,0,0,0,0,"","2017-09-25 13:17:29","2017-10-02 12:06:40","uchida000yas"
423,2016,"Tohoku Rakuten Golden Eagles","Zelous Wheeler",29,140,589,517,74,137,25,2,27,88,2,1,58,123,0.265,0.351,0.478,0.829,247,10,12,0,2,0,"","2017-09-25 13:17:29","2017-10-02 12:06:40","wheele001zel"
424,2016,"Tohoku Rakuten Golden Eagles","Ryota Yoshimochi",22,21,37,31,6,5,0,1,0,1,1,1,3,6,0.161,0.235,0.226,0.461,7,0,0,3,0,0,"","2017-09-25 13:17:29","2017-10-02 12:06:40","yoshim003ryo"
425,2016,"Orix Buffaloes","Ryoichi Adachi",28,118,488,403,51,110,15,1,1,34,6,6,42,53,0.273,0.344,0.323,0.667,130,4,4,35,4,0,"","2017-09-25 13:18:34","2017-10-02 12:14:28","adachi000ryo"
426,2016,"Orix Buffaloes","Tony Blanco",34,27,94,78,6,17,2,0,3,13,0,0,14,26,0.218,0.34,0.359,0.699,28,2,1,0,1,0,"","2017-09-25 13:18:34","2017-10-02 12:14:28","blanco001ton"
427,2016,"Orix Buffaloes","Brian Bogusevic",32,60,193,171,19,32,12,1,3,18,3,2,15,48,0.187,0.28,0.322,0.601,55,3,7,0,0,1,"","2017-09-25 13:18:34","2017-10-02 12:14:28","boguse001bri"
428,2016,"Orix Buffaloes","Matt Clark",29,11,34,29,3,5,1,0,2,4,0,0,5,11,0.172,0.294,0.414,0.708,12,0,0,0,0,0,"","2017-09-25 13:18:34","2017-10-02 12:14:28","clark-002mat"
429,2016,"Orix Buffaloes","Brandon Dickson",31,27,6,5,1,3,1,0,0,5,0,0,0,1,0.6,0.6,0.8,1.4,4,0,0,1,0,0,"","2017-09-25 13:18:34","2017-10-02 12:14:28","dickso001bra"
430,2016,"Orix Buffaloes","Torai Fusimi",26,17,35,33,2,8,0,0,0,1,0,0,0,6,0.242,0.286,0.242,0.528,8,1,2,0,0,0,"","2017-09-25 13:18:34","2017-10-02 12:14:28","fusimi000tor"
431,2016,"Orix Buffaloes","Shunta Goto",23,105,239,214,17,41,5,0,1,9,3,3,11,40,0.192,0.238,0.229,0.467,49,2,2,12,0,0,"","2017-09-25 13:18:34","2017-10-02 12:14:28","goto--000shu"
432,2016,"Orix Buffaloes","Takuya Hara",32,36,43,37,1,7,1,0,0,4,0,0,5,7,0.189,0.286,0.216,0.502,8,2,0,1,0,0,"","2017-09-25 13:18:34","2017-10-02 12:14:28","hara--001tak"
433,2016,"Orix Buffaloes","Hikaru Ito",27,80,203,187,18,45,7,0,3,15,1,0,3,36,0.241,0.257,0.326,0.583,61,6,1,12,0,0,"","2017-09-25 13:18:34","2017-10-02 12:14:28","ito---001hik"
434,2016,"Orix Buffaloes","Yoshio Itoi",34,143,616,532,79,163,24,1,17,70,53,17,75,84,0.306,0.398,0.451,0.849,240,13,7,0,2,5,"","2017-09-25 13:18:34","2017-10-02 12:14:28","itoi--001yos"
435,2016,"Orix Buffaloes","Kyohei Iwasaki",30,9,15,14,0,3,0,0,0,0,0,1,1,5,0.214,0.267,0.214,0.481,3,0,0,0,0,0,"","2017-09-25 13:18:34","2017-10-02 12:14:28","iwasak001kyo"
436,2016,"Orix Buffaloes","Takayoshi Kawabata",31,28,71,62,3,12,2,0,0,5,1,0,0,11,0.194,0.203,0.226,0.429,14,1,1,7,1,0,"","2017-09-25 13:18:34","2017-10-02 12:14:28","kawaba000tak"
437,2016,"Orix Buffaloes","Shuhei Kojima",29,79,219,199,17,49,10,1,0,9,6,7,9,29,0.246,0.289,0.307,0.596,61,3,3,8,0,0,"","2017-09-25 13:18:34","2017-10-02 12:14:28","kojima000shu"
438,2016,"Orix Buffaloes","Eiichi Koyano",35,50,189,177,14,44,6,0,4,13,1,0,3,30,0.249,0.265,0.35,0.615,62,3,1,8,0,0,"","2017-09-25 13:18:34","2017-10-02 12:14:28","koyano001eii"
439,2016,"Orix Buffaloes","Takahiro Matsuba",25,28,2,2,0,2,0,0,0,0,0,0,0,0,1,1,1,2,2,0,0,0,0,0,"","2017-09-25 13:18:34","2017-10-02 12:14:29","matsub000tak"
440,2016,"Orix Buffaloes","Yuki Miyazaki",29,23,49,42,3,10,1,0,0,0,0,1,3,8,0.238,0.304,0.262,0.566,11,0,1,3,0,0,"","2017-09-25 13:18:34","2017-10-02 12:14:29","miyaza000yuk"
441,2016,"Orix Buffaloes","Brent Morel",29,94,348,308,29,75,13,0,8,38,2,0,30,88,0.244,0.319,0.364,0.683,112,10,6,0,4,0,"","2017-09-25 13:18:34","2017-10-02 12:14:29","morel-001bre"
442,2016,"Orix Buffaloes","Yuma Mune",20,3,4,4,0,0,0,0,0,0,0,0,0,3,0,0,0,0,0,0,0,0,0,0,"","2017-09-25 13:18:34","2017-10-02 12:14:29","mune--000yum"
443,2016,"Orix Buffaloes","Hiroyuki Nakajima",33,96,347,314,24,91,23,0,8,47,1,0,26,54,0.29,0.346,0.439,0.785,138,7,3,0,4,0,"","2017-09-25 13:18:34","2017-10-02 12:14:29","nakaji001hir"
444,2016,"Orix Buffaloes","Issei Nakamura",34,7,5,5,1,1,1,0,0,1,0,0,0,1,0.2,0.2,0.4,0.6,2,0,0,0,0,0,"","2017-09-25 13:18:34","2017-10-02 12:14:29","nakamu001iss"
445,2016,"Orix Buffaloes","Yuki Nishi",25,26,4,4,0,1,0,0,0,0,0,0,0,1,0.25,0.25,0.25,0.5,1,0,0,0,0,0,"","2017-09-25 13:18:34","2017-10-02 12:14:29","nishi-001yuk"
446,2016,"Orix Buffaloes","Masahiro Nishino",25,143,610,538,63,142,16,7,2,33,16,5,56,55,0.264,0.335,0.331,0.666,178,7,2,13,1,0,"","2017-09-25 13:18:34","2017-10-02 12:14:29","nishin000mas"
447,2016,"Orix Buffaloes","Yuya Oda",26,78,58,51,9,7,0,0,0,3,4,1,5,19,0.137,0.211,0.137,0.348,7,0,0,1,1,0,"","2017-09-25 13:18:34","2017-10-02 12:14:29","oda---000yuy"
448,2016,"Orix Buffaloes","Takahiro Okada",28,123,513,454,56,129,25,0,20,76,5,1,47,105,0.284,0.357,0.471,0.828,214,12,7,0,5,5,"","2017-09-25 13:18:34","2017-10-02 12:14:29","okada-001tak"
449,2016,"Orix Buffaloes","Kyo Okunami",20,15,42,34,3,9,2,0,0,1,1,0,7,11,0.265,0.405,0.324,0.728,11,0,1,0,0,0,"","2017-09-25 13:18:34","2017-10-02 12:14:29","okunam000kyo"
450,2016,"Orix Buffaloes","Koji Oshiro",23,64,177,161,11,36,4,1,0,7,1,4,5,38,0.224,0.246,0.261,0.506,42,4,0,10,1,0,"","2017-09-25 13:18:34","2017-10-02 12:14:29","oshiro000koj"
451,2016,"Orix Buffaloes","Takuya Shimada",29,31,46,42,4,7,1,0,1,3,0,0,2,8,0.167,0.205,0.262,0.466,11,1,0,2,0,0,"","2017-09-25 13:18:35","2017-10-02 12:14:29","shimad000tak"
452,2016,"Orix Buffaloes","Satoshi Sonobe",20,16,57,54,3,11,3,0,1,6,0,0,2,24,0.204,0.246,0.315,0.56,17,0,1,0,0,0,"","2017-09-25 13:18:35","2017-10-02 12:14:29","sonobe000sat"
453,2016,"Orix Buffaloes","Yutaro Sugimoto",25,1,3,3,0,0,0,0,0,0,0,0,0,2,0,0,0,0,0,0,0,0,0,0,"","2017-09-25 13:18:35","2017-10-02 12:14:29","sugimo000yut"
454,2016,"Orix Buffaloes","Kohei Suzuki",25,45,43,38,2,7,0,0,0,4,0,0,1,8,0.184,0.205,0.184,0.389,7,1,0,4,0,0,"","2017-09-25 13:18:35","2017-10-02 12:14:29","suzuki000koh"
455,2016,"Orix Buffaloes","Kengo Takeda",22,10,20,20,1,2,2,0,0,1,0,0,0,3,0.1,0.1,0.2,0.3,4,0,0,0,0,0,"","2017-09-25 13:18:35","2017-10-02 12:14:29","takeda000ken"
456,2016,"Orix Buffaloes","Daiki Tomei",27,24,5,4,0,1,0,0,0,1,0,0,0,3,0.25,0.25,0.25,0.5,1,0,0,1,0,0,"","2017-09-25 13:18:35","2017-10-02 12:14:29","tomei-000dai"
457,2016,"Orix Buffaloes","Yuki Tsutsumi",22,1,1,0,0,0,0,0,0,0,0,0,0,0,NULL,NULL,NULL,NULL,0,0,0,1,0,0,"","2017-09-25 13:18:35","2017-10-02 12:14:29","tsutsu000yuk"
458,2016,"Orix Buffaloes","Kenya Wakatsuki",20,85,262,229,22,52,13,0,0,20,0,0,4,42,0.227,0.259,0.284,0.543,65,5,6,23,0,1,"","2017-09-25 13:18:35","2017-10-02 12:14:29","wakats000ken"
459,2016,"Orix Buffaloes","Nobuyoshi Yamada",24,12,1,0,0,0,0,0,0,0,0,0,0,0,NULL,NULL,NULL,NULL,0,0,0,1,0,0,"","2017-09-25 13:18:35","2017-10-02 12:14:29","yamada001nob"
460,2016,"Orix Buffaloes","Sachiya Yamasaki",23,17,2,2,0,0,0,0,0,0,0,0,0,0,0,0,0,0,0,0,0,0,0,0,"","2017-09-25 13:18:35","2017-10-02 12:14:29","yamasa000sac"
461,2016,"Orix Buffaloes","Katsuki Yamazaki",33,43,80,66,2,10,1,0,0,0,0,0,3,16,0.152,0.188,0.167,0.355,11,0,0,11,0,0,"","2017-09-25 13:18:35","2017-10-02 12:14:29","yamaza001kat"
462,2016,"Orix Buffaloes","Masataka Yoshida",22,63,258,231,35,67,17,0,10,34,0,2,25,34,0.29,0.36,0.494,0.854,114,6,1,0,1,0,"","2017-09-25 13:18:35","2017-10-02 12:14:29","yoshid002mas"
